Date,Start Time (Sask),Start Time (ET),Visitor,ScoreA,Home,ScoreH,Status
2021-10-12,5:30 PM,7:30 PM,Pittsburgh Penguins,6,Tampa Bay Lightning,2,Regulation
2021-10-12,8:00 PM,10:00 PM,Seattle Kraken,3,Vegas Golden Knights,4,Regulation
2021-10-13,5:00 PM,7:00 PM,Montreal Canadiens,1,Toronto Maple Leafs,2,Regulation
2021-10-13,5:30 PM,7:30 PM,New York Rangers,1,Washington Capitals,5,Regulation
2021-10-13,8:00 PM,10:00 PM,Chicago Blackhawks,2,Colorado Avalanche,4,Regulation
2021-10-13,8:00 PM,10:00 PM,Vancouver Canucks,2,Edmonton Oilers,3,SO
2021-10-13,8:00 PM,10:00 PM,Winnipeg Jets,1,Anaheim Ducks,4,Regulation
2021-10-14,5:00 PM,7:00 PM,Montreal Canadiens,1,Buffalo Sabres,5,Regulation
2021-10-14,5:00 PM,7:00 PM,Toronto Maple Leafs,2,Ottawa Senators,3,Regulation
2021-10-14,5:00 PM,7:00 PM,Pittsburgh Penguins,4,Florida Panthers,5,OT
2021-10-14,5:00 PM,7:00 PM,Dallas Stars,3,New York Rangers,2,OT
2021-10-14,5:00 PM,7:00 PM,New York Islanders,3,Carolina Hurricanes,6,Regulation
2021-10-14,5:00 PM,7:00 PM,Arizona Coyotes,2,Columbus Blue Jackets,8,Regulation
2021-10-14,5:30 PM,7:30 PM,Tampa Bay Lightning,7,Detroit Red Wings,6,OT
2021-10-14,6:00 PM,8:00 PM,Seattle Kraken,4,Nashville Predators,3,Regulation
2021-10-14,8:30 PM,10:30 PM,Vegas Golden Knights,2,Los Angeles Kings,6,Regulation
2021-10-15,5:00 PM,7:00 PM,Chicago Blackhawks,3,New Jersey Devils,4,OT
2021-10-15,5:00 PM,7:00 PM,Vancouver Canucks,5,Philadelphia Flyers,4,SO
2021-10-15,8:00 PM,10:00 PM,Minnesota Wild,2,Anaheim Ducks,1,Regulation
2021-10-16,11:00 AM,1:00 PM,Arizona Coyotes,1,Buffalo Sabres,2,SO
2021-10-16,4:00 PM,6:00 PM,New York Islanders,1,Florida Panthers,5,Regulation
2021-10-16,5:00 PM,7:00 PM,Dallas Stars,1,Boston Bruins,3,Regulation
2021-10-16,5:00 PM,7:00 PM,Ottawa Senators,1,Toronto Maple Leafs,3,Regulation
2021-10-16,5:00 PM,7:00 PM,New York Rangers,3,Montreal Canadiens,1,Regulation
2021-10-16,5:00 PM,7:00 PM,Vancouver Canucks,1,Detroit Red Wings,3,Regulation
2021-10-16,5:00 PM,7:00 PM,Chicago Blackhawks,2,Pittsburgh Penguins,5,Regulation
2021-10-16,5:00 PM,7:00 PM,Tampa Bay Lightning,2,Washington Capitals,1,OT
2021-10-16,5:00 PM,7:00 PM,Seattle Kraken,1,Columbus Blue Jackets,2,OT
2021-10-16,6:00 PM,8:00 PM,Carolina Hurricanes,3,Nashville Predators,2,Regulation
2021-10-16,7:00 PM,9:00 PM,St Louis Blues,5,Colorado Avalanche,3,Regulation
2021-10-16,8:00 PM,10:00 PM,Calgary Flames,2,Edmonton Oilers,5,Regulation
2021-10-16,8:00 PM,10:00 PM,Winnipeg Jets,3,San Jose Sharks,4,Regulation
2021-10-16,8:30 PM,10:30 PM,Minnesota Wild,3,Los Angeles Kings,2,Regulation
2021-10-17,3:00 PM,5:00 PM,Dallas Stars,2,Ottawa Senators,3,Regulation
2021-10-18,5:00 PM,7:00 PM,New York Rangers,2,Toronto Maple Leafs,1,OT
2021-10-18,5:00 PM,7:00 PM,Seattle Kraken,1,Philadelphia Flyers,6,Regulation
2021-10-18,7:30 PM,9:30 PM,Anaheim Ducks,3,Calgary Flames,2,OT
2021-10-18,8:00 PM,10:00 PM,St Louis Blues,7,Arizona Coyotes,4,Regulation
2021-10-19,5:00 PM,7:00 PM,Vancouver Canucks,2,Buffalo Sabres,5,Regulation
2021-10-19,5:00 PM,7:00 PM,San Jose Sharks,5,Montreal Canadiens,0,Regulation
2021-10-19,5:00 PM,7:00 PM,Florida Panthers,4,Tampa Bay Lightning,1,Regulation
2021-10-19,5:00 PM,7:00 PM,Seattle Kraken,2,New Jersey Devils,4,Regulation
2021-10-19,5:00 PM,7:00 PM,Dallas Stars,2,Pittsburgh Penguins,1,SO
2021-10-19,5:00 PM,7:00 PM,Colorado Avalanche,3,Washington Capitals,6,Regulation
2021-10-19,5:30 PM,7:30 PM,Columbus Blue Jackets,1,Detroit Red Wings,4,Regulation
2021-10-19,6:00 PM,8:00 PM,New York Islanders,4,Chicago Blackhawks,1,Regulation
2021-10-19,6:00 PM,8:00 PM,Los Angeles Kings,1,Nashville Predators,2,Regulation
2021-10-19,6:00 PM,8:00 PM,Winnipeg Jets,5,Minnesota Wild,6,OT
2021-10-19,7:00 PM,9:00 PM,Anaheim Ducks,5,Edmonton Oilers,6,Regulation
2021-10-20,5:30 PM,7:30 PM,Boston Bruins,3,Philadelphia Flyers,6,Regulation
2021-10-20,8:00 PM,10:00 PM,St Louis Blues,3,Vegas Golden Knights,1,Regulation
2021-10-21,5:00 PM,7:00 PM,Carolina Hurricanes,4,Montreal Canadiens,1,Regulation
2021-10-21,5:00 PM,7:00 PM,San Jose Sharks,2,Ottawa Senators,1,Regulation
2021-10-21,5:00 PM,7:00 PM,Colorado Avalanche,1,Florida Panthers,4,Regulation
2021-10-21,5:00 PM,7:00 PM,Washington Capitals,4,New Jersey Devils,1,Regulation
2021-10-21,5:00 PM,7:00 PM,New York Islanders,2,Columbus Blue Jackets,3,OT
2021-10-21,5:30 PM,7:30 PM,Calgary Flames,3,Detroit Red Wings,0,Regulation
2021-10-21,6:00 PM,8:00 PM,New York Rangers,3,Nashville Predators,1,Regulation
2021-10-21,6:00 PM,8:00 PM,Anaheim Ducks,1,Winnipeg Jets,5,Regulation
2021-10-21,6:30 PM,8:30 PM,Vancouver Canucks,4,Chicago Blackhawks,1,Regulation
2021-10-21,8:00 PM,10:00 PM,Edmonton Oilers,5,Arizona Coyotes,1,Regulation
2021-10-22,4:00 PM,6:00 PM,San Jose Sharks,5,Toronto Maple Leafs,3,Regulation
2021-10-22,5:00 PM,7:00 PM,Boston Bruins,4,Buffalo Sabres,1,Regulation
2021-10-22,6:30 PM,8:30 PM,Los Angeles Kings,2,Dallas Stars,3,OT
2021-10-22,8:00 PM,10:00 PM,Edmonton Oilers,5,Vegas Golden Knights,3,Regulation
2021-10-23,11:00 AM,1:00 PM,New York Rangers,3,Ottawa Senators,2,Regulation
2021-10-23,11:00 AM,1:00 PM,Calgary Flames,4,Washington Capitals,3,OT
2021-10-23,4:00 PM,6:00 PM,Anaheim Ducks,3,Minnesota Wild,4,OT
2021-10-23,5:00 PM,7:00 PM,Detroit Red Wings,1,Montreal Canadiens,6,Regulation
2021-10-23,5:00 PM,7:00 PM,Colorado Avalanche,4,Tampa Bay Lightning,3,SO
2021-10-23,5:00 PM,7:00 PM,Buffalo Sabres,1,New Jersey Devils,2,OT
2021-10-23,5:00 PM,7:00 PM,Florida Panthers,4,Philadelphia Flyers,2,Regulation
2021-10-23,5:00 PM,7:00 PM,Toronto Maple Leafs,1,Pittsburgh Penguins,7,Regulation
2021-10-23,5:00 PM,7:00 PM,Carolina Hurricanes,5,Columbus Blue Jackets,1,Regulation
2021-10-23,5:00 PM,7:00 PM,Nashville Predators,4,Winnipeg Jets,6,Regulation
2021-10-23,6:00 PM,8:00 PM,Los Angeles Kings,3,St Louis Blues,7,Regulation
2021-10-23,7:00 PM,9:00 PM,New York Islanders,3,Arizona Coyotes,0,Regulation
2021-10-23,8:00 PM,10:00 PM,Vancouver Canucks,4,Seattle Kraken,2,Regulation
2021-10-24,11:00 AM,1:00 PM,San Jose Sharks,3,Boston Bruins,4,Regulation
2021-10-24,4:00 PM,6:00 PM,Nashville Predators,5,Minnesota Wild,2,Regulation
2021-10-24,5:00 PM,7:00 PM,Detroit Red Wings,6,Chicago Blackhawks,3,Regulation
2021-10-24,8:00 PM,10:00 PM,New York Islanders,2,Vegas Golden Knights,0,Regulation
2021-10-25,5:00 PM,7:00 PM,Tampa Bay Lightning,1,Buffalo Sabres,5,Regulation
2021-10-25,5:00 PM,7:00 PM,Washington Capitals,7,Ottawa Senators,5,Regulation
2021-10-25,5:00 PM,7:00 PM,Arizona Coyotes,3,Florida Panthers,5,Regulation
2021-10-25,5:00 PM,7:00 PM,Calgary Flames,5,New York Rangers,1,Regulation
2021-10-25,5:00 PM,7:00 PM,Toronto Maple Leafs,1,Carolina Hurricanes,4,Regulation
2021-10-25,5:00 PM,7:00 PM,Dallas Stars,1,Columbus Blue Jackets,4,Regulation
2021-10-25,6:00 PM,8:00 PM,Los Angeles Kings,0,St Louis Blues,3,Regulation
2021-10-26,5:00 PM,7:00 PM,Calgary Flames,5,New Jersey Devils,3,Regulation
2021-10-26,5:00 PM,7:00 PM,Tampa Bay Lightning,5,Pittsburgh Penguins,1,Regulation
2021-10-26,6:00 PM,8:00 PM,Vegas Golden Knights,3,Colorado Avalanche,1,Regulation
2021-10-26,6:30 PM,8:30 PM,San Jose Sharks,1,Nashville Predators,3,Regulation
2021-10-26,8:00 PM,10:00 PM,Minnesota Wild,3,Vancouver Canucks,2,Regulation
2021-10-26,8:00 PM,10:00 PM,Winnipeg Jets,4,Anaheim Ducks,3,Regulation
2021-10-26,8:00 PM,10:00 PM,Montreal Canadiens,1,Seattle Kraken,5,Regulation
2021-10-27,5:00 PM,7:00 PM,Boston Bruins,1,Florida Panthers,4,Regulation
2021-10-27,5:00 PM,7:00 PM,Detroit Red Wings,3,Washington Capitals,2,OT
2021-10-27,5:30 PM,7:30 PM,Toronto Maple Leafs,3,Chicago Blackhawks,2,OT
2021-10-27,6:30 PM,8:30 PM,Vegas Golden Knights,3,Dallas Stars,2,OT
2021-10-27,8:00 PM,10:00 PM,Philadelphia Flyers,5,Edmonton Oilers,3,Regulation
2021-10-28,5:00 PM,7:00 PM,Arizona Coyotes,1,Tampa Bay Lightning,5,Regulation
2021-10-28,5:00 PM,7:00 PM,Calgary Flames,4,Pittsburgh Penguins,0,Regulation
2021-10-28,5:00 PM,7:00 PM,Boston Bruins,0,Carolina Hurricanes,3,Regulation
2021-10-28,6:00 PM,8:00 PM,Colorado Avalanche,4,St Louis Blues,3,Regulation
2021-10-28,8:00 PM,10:00 PM,Philadelphia Flyers,2,Vancouver Canucks,1,Regulation
2021-10-28,8:00 PM,10:00 PM,Buffalo Sabres,4,Anaheim Ducks,3,OT
2021-10-28,8:00 PM,10:00 PM,Minnesota Wild,1,Seattle Kraken,4,Regulation
2021-10-28,8:30 PM,10:30 PM,Winnipeg Jets,3,Los Angeles Kings,2,Regulation
2021-10-28,8:30 PM,10:30 PM,Montreal Canadiens,4,San Jose Sharks,0,Regulation
2021-10-29,5:00 PM,7:00 PM,Florida Panthers,3,Detroit Red Wings,2,OT
2021-10-29,5:00 PM,7:00 PM,Columbus Blue Jackets,0,New York Rangers,4,Regulation
2021-10-29,5:00 PM,7:00 PM,Arizona Coyotes,0,Washington Capitals,2,Regulation
2021-10-29,5:00 PM,7:00 PM,Chicago Blackhawks,3,Carolina Hurricanes,6,Regulation
2021-10-29,6:00 PM,8:00 PM,Anaheim Ducks,4,Vegas Golden Knights,5,SO
2021-10-29,6:30 PM,8:30 PM,Ottawa Senators,4,Dallas Stars,1,Regulation
2021-10-30,11:30 AM,1:30 PM,New York Islanders,2,Nashville Predators,3,SO
2021-10-30,2:00 PM,4:00 PM,Montreal Canadiens,2,Los Angeles Kings,5,Regulation
2021-10-30,5:00 PM,7:00 PM,Florida Panthers,2,Boston Bruins,3,SO
2021-10-30,5:00 PM,7:00 PM,Detroit Red Wings,4,Toronto Maple Leafs,5,Regulation
2021-10-30,5:00 PM,7:00 PM,New Jersey Devils,4,Pittsburgh Penguins,2,Regulation
2021-10-30,5:00 PM,7:00 PM,Winnipeg Jets,1,San Jose Sharks,2,OT
2021-10-30,6:00 PM,8:00 PM,Chicago Blackhawks,0,St Louis Blues,1,Regulation
2021-10-30,7:00 PM,9:00 PM,Minnesota Wild,1,Colorado Avalanche,4,Regulation
2021-10-30,8:00 PM,10:00 PM,Philadelphia Flyers,0,Calgary Flames,4,Regulation
2021-10-30,8:00 PM,10:00 PM,Edmonton Oilers,2,Vancouver Canucks,1,Regulation
2021-10-31,11:00 AM,1:00 PM,Arizona Coyotes,1,Carolina Hurricanes,2,Regulation
2021-10-31,2:00 PM,4:00 PM,Montreal Canadiens,2,Anaheim Ducks,4,Regulation
2021-10-31,2:00 PM,4:00 PM,Buffalo Sabres,2,Los Angeles Kings,3,Regulation
2021-10-31,3:00 PM,5:00 PM,Columbus Blue Jackets,4,New Jersey Devils,3,SO
2021-10-31,7:00 PM,9:00 PM,New York Rangers,3,Seattle Kraken,1,Regulation
2021-11-01,5:00 PM,7:00 PM,Washington Capitals,2,Tampa Bay Lightning,3,Regulation
2021-11-01,6:00 PM,8:00 PM,Ottawa Senators,1,Chicago Blackhawks,5,Regulation
2021-11-01,7:30 PM,9:30 PM,Seattle Kraken,2,Edmonton Oilers,5,Regulation
2021-11-02,5:00 PM,7:00 PM,Vegas Golden Knights,0,Toronto Maple Leafs,4,Regulation
2021-11-02,5:00 PM,7:00 PM,Detroit Red Wings,0,Montreal Canadiens,3,Regulation
2021-11-02,5:00 PM,7:00 PM,Arizona Coyotes,0,Philadelphia Flyers,3,Regulation
2021-11-02,6:00 PM,8:00 PM,Ottawa Senators,4,Minnesota Wild,5,OT
2021-11-02,6:00 PM,8:00 PM,Dallas Stars,3,Winnipeg Jets,4,SO
2021-11-02,7:00 PM,9:00 PM,Nashville Predators,3,Calgary Flames,2,OT
2021-11-02,8:00 PM,10:00 PM,New York Rangers,2,Vancouver Canucks,3,OT
2021-11-02,8:00 PM,10:00 PM,New Jersey Devils,0,Anaheim Ducks,4,Regulation
2021-11-02,8:30 PM,10:30 PM,Buffalo Sabres,3,San Jose Sharks,5,Regulation
2021-11-03,6:30 PM,8:30 PM,Carolina Hurricanes,4,Chicago Blackhawks,3,Regulation
2021-11-03,6:30 PM,8:30 PM,Nashville Predators,2,Edmonton Oilers,5,Regulation
2021-11-03,7:00 PM,9:00 PM,Columbus Blue Jackets,5,Colorado Avalanche,4,OT
2021-11-03,8:00 PM,10:00 PM,St Louis Blues,2,Los Angeles Kings,3,SO
2021-11-04,5:00 PM,7:00 PM,Detroit Red Wings,1,Boston Bruins,5,Regulation
2021-11-04,5:00 PM,7:00 PM,Tampa Bay Lightning,1,Toronto Maple Leafs,2,OT
2021-11-04,5:00 PM,7:00 PM,New York Islanders,6,Montreal Canadiens,2,Regulation
2021-11-04,5:00 PM,7:00 PM,Vegas Golden Knights,5,Ottawa Senators,1,Regulation
2021-11-04,5:00 PM,7:00 PM,Washington Capitals,4,Florida Panthers,5,OT
2021-11-04,5:00 PM,7:00 PM,Philadelphia Flyers,2,Pittsburgh Penguins,3,OT
2021-11-04,7:00 PM,9:00 PM,Dallas Stars,4,Calgary Flames,3,OT
2021-11-04,8:00 PM,10:00 PM,Buffalo Sabres,2,Seattle Kraken,5,Regulation
2021-11-04,8:30 PM,10:30 PM,St Louis Blues,5,San Jose Sharks,3,Regulation
2021-11-05,6:00 PM,8:00 PM,Chicago Blackhawks,1,Winnipeg Jets,5,Regulation
2021-11-05,7:30 PM,9:30 PM,New York Rangers,5,Edmonton Oilers,6,OT
2021-11-05,8:00 PM,10:00 PM,Nashville Predators,3,Vancouver Canucks,2,Regulation
2021-11-05,8:00 PM,10:00 PM,Arizona Coyotes,1,Anaheim Ducks,3,Regulation
2021-11-05,8:30 PM,10:30 PM,New Jersey Devils,2,Los Angeles Kings,3,OT
2021-11-06,12:00 PM,2:00 PM,Tampa Bay Lightning,5,Ottawa Senators,3,Regulation
2021-11-06,4:00 PM,6:00 PM,Carolina Hurricanes,2,Florida Panthers,5,Regulation
2021-11-06,5:00 PM,7:00 PM,Detroit Red Wings,4,Buffalo Sabres,3,OT
2021-11-06,5:00 PM,7:00 PM,Boston Bruins,2,Toronto Maple Leafs,5,Regulation
2021-11-06,5:00 PM,7:00 PM,Vegas Golden Knights,5,Montreal Canadiens,2,Regulation
2021-11-06,5:00 PM,7:00 PM,Minnesota Wild,5,Pittsburgh Penguins,4,SO
2021-11-06,5:00 PM,7:00 PM,Philadelphia Flyers,2,Washington Capitals,1,Regulation
2021-11-06,5:00 PM,7:00 PM,Colorado Avalanche,2,Columbus Blue Jackets,4,Regulation
2021-11-06,5:00 PM,7:00 PM,New York Islanders,2,Winnipeg Jets,0,Regulation
2021-11-06,8:00 PM,10:00 PM,New York Rangers,0,Calgary Flames,6,Regulation
2021-11-06,8:00 PM,10:00 PM,Seattle Kraken,4,Arizona Coyotes,5,Regulation
2021-11-06,8:30 PM,10:30 PM,New Jersey Devils,3,San Jose Sharks,2,SO
2021-11-07,5:00 PM,6:00 PM,Vegas Golden Knights,2,Detroit Red Wings,5,Regulation
2021-11-07,6:00 PM,7:00 PM,Nashville Predators,1,Chicago Blackhawks,2,OT
2021-11-07,7:00 PM,8:00 PM,New York Islanders,2,Minnesota Wild,5,Regulation
2021-11-07,7:00 PM,8:00 PM,St Louis Blues,1,Anaheim Ducks,4,Regulation
2021-11-07,9:00 PM,10:00 PM,Dallas Stars,3,Vancouver Canucks,6,Regulation
2021-11-08,6:00 PM,7:00 PM,Florida Panthers,3,New York Rangers,4,Regulation
2021-11-08,6:00 PM,7:00 PM,Buffalo Sabres,3,Washington Capitals,5,Regulation
2021-11-08,6:30 PM,7:30 PM,Los Angeles Kings,5,Toronto Maple Leafs,1,Regulation
2021-11-09,6:00 PM,7:00 PM,Ottawa Senators,2,Boston Bruins,3,Regulation
2021-11-09,6:00 PM,7:00 PM,Los Angeles Kings,3,Montreal Canadiens,2,OT
2021-11-09,6:00 PM,7:00 PM,Carolina Hurricanes,2,Tampa Bay Lightning,1,OT
2021-11-09,6:00 PM,7:00 PM,Florida Panthers,3,New Jersey Devils,7,Regulation
2021-11-09,6:30 PM,7:30 PM,Edmonton Oilers,2,Detroit Red Wings,4,Regulation
2021-11-09,7:00 PM,8:00 PM,St Louis Blues,3,Winnipeg Jets,2,SO
2021-11-09,7:30 PM,8:30 PM,Pittsburgh Penguins,2,Chicago Blackhawks,3,SO
2021-11-09,8:00 PM,9:00 PM,San Jose Sharks,4,Calgary Flames,1,Regulation
2021-11-09,9:00 PM,10:00 PM,Anaheim Ducks,3,Vancouver Canucks,2,OT
2021-11-09,9:00 PM,10:00 PM,Seattle Kraken,2,Vegas Golden Knights,4,Regulation
2021-11-10,6:30 PM,7:30 PM,Toronto Maple Leafs,3,Philadelphia Flyers,0,Regulation
2021-11-10,7:30 PM,8:30 PM,Nashville Predators,4,Dallas Stars,2,Regulation
2021-11-10,9:00 PM,10:00 PM,Minnesota Wild,5,Arizona Coyotes,2,Regulation
2021-11-11,6:00 PM,7:00 PM,Edmonton Oilers,5,Boston Bruins,3,Regulation
2021-11-11,6:00 PM,7:00 PM,Calgary Flames,2,Montreal Canadiens,4,Regulation
2021-11-11,6:00 PM,7:00 PM,Los Angeles Kings,2,Ottawa Senators,0,Regulation
2021-11-11,6:00 PM,7:00 PM,New York Islanders,0,New Jersey Devils,4,Regulation
2021-11-11,6:00 PM,7:00 PM,Florida Panthers,2,Pittsburgh Penguins,3,SO
2021-11-11,6:30 PM,7:30 PM,Washington Capitals,2,Detroit Red Wings,0,Regulation
2021-11-11,7:00 PM,8:00 PM,Nashville Predators,4,St Louis Blues,3,OT
2021-11-11,7:00 PM,8:00 PM,San Jose Sharks,1,Winnipeg Jets,4,Regulation
2021-11-11,8:00 PM,9:00 PM,Vancouver Canucks,1,Colorado Avalanche,7,Regulation
2021-11-11,9:00 PM,10:00 PM,Minnesota Wild,2,Vegas Golden Knights,3,Regulation
2021-11-11,9:00 PM,10:00 PM,Anaheim Ducks,7,Seattle Kraken,4,Regulation
2021-11-12,6:00 PM,7:00 PM,Edmonton Oilers,2,Buffalo Sabres,3,Regulation
2021-11-12,6:00 PM,7:00 PM,Calgary Flames,1,Toronto Maple Leafs,2,OT
2021-11-12,6:00 PM,7:00 PM,Philadelphia Flyers,2,Carolina Hurricanes,1,Regulation
2021-11-12,6:00 PM,7:00 PM,Washington Capitals,4,Columbus Blue Jackets,3,Regulation
2021-11-12,7:30 PM,8:30 PM,Arizona Coyotes,1,Chicago Blackhawks,2,Regulation
2021-11-13,12:00 PM,1:00 PM,Boston Bruins,5,New Jersey Devils,2,Regulation
2021-11-13,6:00 PM,7:00 PM,Toronto Maple Leafs,5,Buffalo Sabres,4,Regulation
2021-11-13,6:00 PM,7:00 PM,Pittsburgh Penguins,3,Ottawa Senators,6,Regulation
2021-11-13,6:00 PM,7:00 PM,Montreal Canadiens,2,Detroit Red Wings,3,OT
2021-11-13,6:00 PM,7:00 PM,Florida Panthers,2,Tampa Bay Lightning,3,OT
2021-11-13,6:00 PM,7:00 PM,New York Rangers,5,Columbus Blue Jackets,3,Regulation
2021-11-13,6:00 PM,7:00 PM,Los Angeles Kings,2,Winnipeg Jets,3,OT
2021-11-13,6:30 PM,7:30 PM,St Louis Blues,2,Carolina Hurricanes,3,Regulation
2021-11-13,7:00 PM,8:00 PM,Arizona Coyotes,1,Nashville Predators,4,Regulation
2021-11-13,7:00 PM,8:00 PM,Philadelphia Flyers,2,Dallas Stars,5,Regulation
2021-11-13,8:00 PM,9:00 PM,San Jose Sharks,2,Colorado Avalanche,6,Regulation
2021-11-13,9:00 PM,10:00 PM,Vancouver Canucks,4,Vegas Golden Knights,7,Regulation
2021-11-13,9:00 PM,10:00 PM,Minnesota Wild,4,Seattle Kraken,2,Regulation
2021-11-14,4:00 PM,5:00 PM,Calgary Flames,4,Ottawa Senators,0,Regulation
2021-11-14,6:00 PM,7:00 PM,Montreal Canadiens,2,Boston Bruins,5,Regulation
2021-11-14,6:00 PM,7:00 PM,New Jersey Devils,3,New York Rangers,4,SO
2021-11-14,6:00 PM,7:00 PM,Pittsburgh Penguins,1,Washington Capitals,6,Regulation
2021-11-14,6:00 PM,7:00 PM,Edmonton Oilers,5,St Louis Blues,4,Regulation
2021-11-14,7:00 PM,8:00 PM,Vancouver Canucks,1,Anaheim Ducks,5,Regulation
2021-11-15,6:00 PM,7:00 PM,New York Islanders,1,Tampa Bay Lightning,4,Regulation
2021-11-15,6:00 PM,7:00 PM,Detroit Red Wings,3,Columbus Blue Jackets,5,Regulation
2021-11-16,6:00 PM,7:00 PM,Nashville Predators,0,Toronto Maple Leafs,3,Regulation
2021-11-16,6:00 PM,7:00 PM,New York Islanders,1,Florida Panthers,6,Regulation
2021-11-16,6:00 PM,7:00 PM,Montreal Canadiens,2,New York Rangers,3,Regulation
2021-11-16,6:00 PM,7:00 PM,Calgary Flames,1,Philadelphia Flyers,2,OT
2021-11-16,6:00 PM,7:00 PM,Buffalo Sabres,2,Pittsburgh Penguins,1,Regulation
2021-11-16,7:00 PM,8:00 PM,Arizona Coyotes,3,St Louis Blues,2,Regulation
2021-11-16,7:00 PM,8:00 PM,San Jose Sharks,4,Minnesota Wild,1,Regulation
2021-11-16,7:00 PM,8:00 PM,Edmonton Oilers,2,Winnipeg Jets,5,Regulation
2021-11-16,7:30 PM,8:30 PM,Detroit Red Wings,2,Dallas Stars,5,Regulation
2021-11-16,9:00 PM,10:00 PM,Carolina Hurricanes,4,Vegas Golden Knights,2,Regulation
2021-11-16,9:00 PM,10:00 PM,Washington Capitals,2,Anaheim Ducks,3,OT
2021-11-17,8:00 PM,9:00 PM,Colorado Avalanche,4,Vancouver Canucks,2,Regulation
2021-11-17,9:00 PM,10:00 PM,Chicago Blackhawks,4,Seattle Kraken,2,Regulation
2021-11-17,9:30 PM,10:30 PM,Washington Capitals,2,Los Angeles Kings,0,Regulation
2021-11-18,6:00 PM,7:00 PM,Calgary Flames,5,Buffalo Sabres,0,Regulation
2021-11-18,6:00 PM,7:00 PM,New York Rangers,1,Toronto Maple Leafs,2,Regulation
2021-11-18,6:00 PM,7:00 PM,Pittsburgh Penguins,6,Montreal Canadiens,0,Regulation
2021-11-18,6:00 PM,7:00 PM,New Jersey Devils,1,Florida Panthers,4,Regulation
2021-11-18,6:00 PM,7:00 PM,Tampa Bay Lightning,4,Philadelphia Flyers,3,SO
2021-11-18,7:00 PM,8:00 PM,San Jose Sharks,1,St Louis Blues,4,Regulation
2021-11-18,7:00 PM,8:00 PM,Dallas Stars,2,Minnesota Wild,7,Regulation
2021-11-18,8:00 PM,9:00 PM,Winnipeg Jets,1,Edmonton Oilers,2,SO
2021-11-18,8:00 PM,9:00 PM,Columbus Blue Jackets,5,Arizona Coyotes,4,SO
2021-11-18,9:00 PM,10:00 PM,Detroit Red Wings,2,Vegas Golden Knights,5,Regulation
2021-11-18,9:00 PM,10:00 PM,Carolina Hurricanes,2,Anaheim Ducks,1,Regulation
2021-11-19,9:00 PM,10:00 PM,Winnipeg Jets,2,Vancouver Canucks,3,Regulation
2021-11-19,9:00 PM,10:00 PM,Colorado Avalanche,7,Seattle Kraken,3,Regulation
2021-11-20,3:00 PM,4:00 PM,New Jersey Devils,5,Tampa Bay Lightning,3,Regulation
2021-11-20,3:00 PM,4:00 PM,Carolina Hurricanes,5,Los Angeles Kings,4,Regulation
2021-11-20,5:00 PM,6:00 PM,Minnesota Wild,4,Florida Panthers,5,Regulation
2021-11-20,6:00 PM,7:00 PM,Pittsburgh Penguins,2,Toronto Maple Leafs,0,Regulation
2021-11-20,6:00 PM,7:00 PM,Nashville Predators,3,Montreal Canadiens,6,Regulation
2021-11-20,6:00 PM,7:00 PM,Calgary Flames,5,New York Islanders,2,Regulation
2021-11-20,6:00 PM,7:00 PM,Boston Bruins,5,Philadelphia Flyers,2,Regulation
2021-11-20,7:00 PM,8:00 PM,St Louis Blues,1,Dallas Stars,4,Regulation
2021-11-20,7:00 PM,8:00 PM,Detroit Red Wings,1,Arizona Coyotes,2,OT
2021-11-20,9:00 PM,10:00 PM,Chicago Blackhawks,2,Edmonton Oilers,5,Regulation
2021-11-20,9:00 PM,10:00 PM,Columbus Blue Jackets,2,Vegas Golden Knights,3,Regulation
2021-11-20,9:30 PM,10:30 PM,Washington Capitals,4,San Jose Sharks,0,Regulation
2021-11-21,4:00 PM,5:00 PM,Minnesota Wild,4,Tampa Bay Lightning,5,SO
2021-11-21,5:00 PM,6:00 PM,Buffalo Sabres,4,New York Rangers,5,Regulation
2021-11-21,6:00 PM,7:00 PM,Calgary Flames,4,Boston Bruins,0,Regulation
2021-11-21,6:30 PM,7:30 PM,Toronto Maple Leafs,3,New York Islanders,0,Regulation
2021-11-21,7:00 PM,8:00 PM,Chicago Blackhawks,1,Vancouver Canucks,0,Regulation
2021-11-21,8:00 PM,9:00 PM,Washington Capitals,2,Seattle Kraken,5,Regulation
2021-11-21,9:00 PM,10:00 PM,Arizona Coyotes,2,Los Angeles Kings,1,OT
2021-11-22,6:00 PM,7:00 PM,Columbus Blue Jackets,7,Buffalo Sabres,4,Regulation
2021-11-22,7:00 PM,8:00 PM,Vegas Golden Knights,2,St Louis Blues,5,Regulation
2021-11-22,7:00 PM,8:00 PM,Anaheim Ducks,2,Nashville Predators,3,Regulation
2021-11-22,7:30 PM,8:30 PM,Pittsburgh Penguins,3,Winnipeg Jets,1,Regulation
2021-11-22,7:30 PM,8:30 PM,Ottawa Senators,5,Colorado Avalanche,7,Regulation
2021-11-22,9:30 PM,10:30 PM,Carolina Hurricanes,1,San Jose Sharks,2,OT
2021-11-23,6:00 PM,7:00 PM,Philadelphia Flyers,0,Tampa Bay Lightning,4,Regulation
2021-11-23,7:30 PM,8:30 PM,Edmonton Oilers,1,Dallas Stars,4,Regulation
2021-11-23,8:00 PM,9:00 PM,Chicago Blackhawks,2,Calgary Flames,5,Regulation
2021-11-24,6:00 PM,7:00 PM,Boston Bruins,5,Buffalo Sabres,1,Regulation
2021-11-24,6:00 PM,7:00 PM,Philadelphia Flyers,1,Florida Panthers,2,OT
2021-11-24,6:00 PM,7:00 PM,Minnesota Wild,3,New Jersey Devils,2,SO
2021-11-24,6:00 PM,7:00 PM,Vancouver Canucks,1,Pittsburgh Penguins,4,Regulation
2021-11-24,6:00 PM,7:00 PM,Montreal Canadiens,3,Washington Capitals,6,Regulation
2021-11-24,6:00 PM,7:00 PM,Winnipeg Jets,0,Columbus Blue Jackets,3,Regulation
2021-11-24,6:30 PM,7:30 PM,St Louis Blues,2,Detroit Red Wings,4,Regulation
2021-11-24,6:30 PM,7:30 PM,New York Rangers,4,New York Islanders,1,Regulation
2021-11-24,7:00 PM,8:00 PM,Vegas Golden Knights,5,Nashville Predators,2,Regulation
2021-11-24,8:00 PM,9:00 PM,Anaheim Ducks,2,Colorado Avalanche,5,Regulation
2021-11-24,9:00 PM,10:00 PM,Edmonton Oilers,5,Arizona Coyotes,3,Regulation
2021-11-24,9:00 PM,10:00 PM,Toronto Maple Leafs,6,Los Angeles Kings,2,Regulation
2021-11-24,9:00 PM,10:00 PM,Carolina Hurricanes,1,Seattle Kraken,2,Regulation
2021-11-24,9:30 PM,10:30 PM,Ottawa Senators,3,San Jose Sharks,6,Regulation
2021-11-26,12:00 PM,1:00 PM,New York Rangers,5,Boston Bruins,2,Regulation
2021-11-26,2:30 PM,3:30 PM,Carolina Hurricanes,6,Philadelphia Flyers,3,Regulation
2021-11-26,2:30 PM,3:30 PM,St Louis Blues,2,Chicago Blackhawks,3,OT
2021-11-26,2:30 PM,3:30 PM,Winnipeg Jets,1,Minnesota Wild,7,Regulation
2021-11-26,3:00 PM,4:00 PM,Ottawa Senators,0,Anaheim Ducks,4,Regulation
2021-11-26,4:00 PM,5:00 PM,Florida Panthers,3,Washington Capitals,4,Regulation
2021-11-26,5:00 PM,6:00 PM,New Jersey Devils,2,Nashville Predators,4,Regulation
2021-11-26,6:00 PM,7:00 PM,Montreal Canadiens,1,Buffalo Sabres,4,Regulation
2021-11-26,6:00 PM,7:00 PM,Seattle Kraken,0,Tampa Bay Lightning,3,Regulation
2021-11-26,6:00 PM,7:00 PM,Vancouver Canucks,2,Columbus Blue Jackets,4,Regulation
2021-11-26,6:30 PM,7:30 PM,Pittsburgh Penguins,1,New York Islanders,0,Regulation
2021-11-26,6:30 PM,7:30 PM,Colorado Avalanche,1,Dallas Stars,3,Regulation
2021-11-26,9:30 PM,10:30 PM,Toronto Maple Leafs,4,San Jose Sharks,1,Regulation
2021-11-27,5:00 PM,6:00 PM,Seattle Kraken,4,Florida Panthers,1,Regulation
2021-11-27,6:00 PM,7:00 PM,Buffalo Sabres,2,Detroit Red Wings,3,OT
2021-11-27,6:00 PM,7:00 PM,Montreal Canadiens,6,Pittsburgh Penguins,3,Regulation
2021-11-27,6:00 PM,7:00 PM,Edmonton Oilers,3,Vegas Golden Knights,2,Regulation
2021-11-27,6:00 PM,7:00 PM,Ottawa Senators,2,Los Angeles Kings,4,Regulation
2021-11-27,7:00 PM,8:00 PM,Columbus Blue Jackets,3,St Louis Blues,6,Regulation
2021-11-27,7:00 PM,8:00 PM,Dallas Stars,3,Arizona Coyotes,2,Regulation
2021-11-27,8:00 PM,9:00 PM,Nashville Predators,2,Colorado Avalanche,6,Regulation
2021-11-27,9:00 PM,10:00 PM,Winnipeg Jets,4,Calgary Flames,2,Regulation
2021-11-28,12:00 PM,1:00 PM,Washington Capitals,4,Carolina Hurricanes,2,Regulation
2021-11-28,1:00 PM,2:00 PM,Tampa Bay Lightning,2,Minnesota Wild,4,Regulation
2021-11-28,6:00 PM,7:00 PM,Vancouver Canucks,2,Boston Bruins,3,Regulation
2021-11-28,6:00 PM,7:00 PM,Philadelphia Flyers,2,New Jersey Devils,5,Regulation
2021-11-28,6:00 PM,7:00 PM,San Jose Sharks,2,Chicago Blackhawks,0,Regulation
2021-11-28,7:00 PM,8:00 PM,Toronto Maple Leafs,5,Anaheim Ducks,1,Regulation
2021-11-29,6:00 PM,7:00 PM,Seattle Kraken,7,Buffalo Sabres,4,Regulation
2021-11-29,6:30 PM,7:30 PM,Vancouver Canucks,2,Montreal Canadiens,1,Regulation
2021-11-29,6:30 PM,7:30 PM,Arizona Coyotes,1,Winnipeg Jets,0,Regulation
2021-11-29,8:00 PM,9:00 PM,Pittsburgh Penguins,1,Calgary Flames,2,SO
2021-11-30,6:00 PM,7:00 PM,Detroit Red Wings,2,Boston Bruins,1,Regulation
2021-11-30,6:00 PM,7:00 PM,Washington Capitals,4,Florida Panthers,5,Regulation
2021-11-30,6:00 PM,7:00 PM,San Jose Sharks,5,New Jersey Devils,2,Regulation
2021-11-30,7:00 PM,8:00 PM,Tampa Bay Lightning,3,St Louis Blues,4,SO
2021-11-30,7:00 PM,8:00 PM,Columbus Blue Jackets,0,Nashville Predators,6,Regulation
2021-11-30,7:00 PM,8:00 PM,Arizona Coyotes,2,Minnesota Wild,5,Regulation
2021-11-30,7:30 PM,8:30 PM,Carolina Hurricanes,1,Dallas Stars,4,Regulation
2021-11-30,9:30 PM,10:30 PM,Anaheim Ducks,5,Los Angeles Kings,4,SO
2021-12-01,6:00 PM,7:00 PM,Philadelphia Flyers,1,New York Rangers,4,Regulation
2021-12-01,6:30 PM,7:30 PM,Colorado Avalanche,3,Toronto Maple Leafs,8,Regulation
2021-12-01,6:30 PM,7:30 PM,Vancouver Canucks,6,Ottawa Senators,2,Regulation
2021-12-01,6:30 PM,7:30 PM,Seattle Kraken,3,Detroit Red Wings,4,SO
2021-12-01,9:00 PM,10:00 PM,Pittsburgh Penguins,2,Edmonton Oilers,5,Regulation
2021-12-01,9:00 PM,10:00 PM,Vegas Golden Knights,5,Anaheim Ducks,6,Regulation
2021-12-02,6:00 PM,7:00 PM,Colorado Avalanche,4,Montreal Canadiens,1,Regulation
2021-12-02,6:00 PM,7:00 PM,St Louis Blues,2,Tampa Bay Lightning,4,Regulation
2021-12-02,6:00 PM,7:00 PM,Buffalo Sabres,4,Florida Panthers,7,Regulation
2021-12-02,6:00 PM,7:00 PM,Chicago Blackhawks,4,Washington Capitals,3,SO
2021-12-02,6:00 PM,7:00 PM,Ottawa Senators,3,Carolina Hurricanes,2,Regulation
2021-12-02,6:30 PM,7:30 PM,San Jose Sharks,2,New York Islanders,1,OT
2021-12-02,7:00 PM,8:00 PM,Boston Bruins,2,Nashville Predators,0,Regulation
2021-12-02,7:00 PM,8:00 PM,New Jersey Devils,2,Minnesota Wild,5,Regulation
2021-12-02,7:30 PM,8:30 PM,Columbus Blue Jackets,2,Dallas Stars,3,Regulation
2021-12-02,9:30 PM,10:30 PM,Calgary Flames,3,Los Angeles Kings,2,Regulation
2021-12-03,6:00 PM,7:00 PM,San Jose Sharks,0,New York Rangers,1,Regulation
2021-12-03,7:00 PM,8:00 PM,New Jersey Devils,4,Winnipeg Jets,8,Regulation
2021-12-03,8:30 PM,9:30 PM,Vegas Golden Knights,7,Arizona Coyotes,1,Regulation
2021-12-03,9:00 PM,10:00 PM,Calgary Flames,4,Anaheim Ducks,3,SO
2021-12-03,9:00 PM,10:00 PM,Edmonton Oilers,3,Seattle Kraken,4,Regulation
2021-12-04,12:00 PM,1:00 PM,St Louis Blues,3,Florida Panthers,4,SO
2021-12-04,6:00 PM,7:00 PM,Tampa Bay Lightning,3,Boston Bruins,2,OT
2021-12-04,6:00 PM,7:00 PM,Colorado Avalanche,5,Ottawa Senators,6,OT
2021-12-04,6:00 PM,7:00 PM,New York Islanders,3,Detroit Red Wings,4,OT
2021-12-04,6:00 PM,7:00 PM,Columbus Blue Jackets,1,Washington Capitals,3,Regulation
2021-12-04,6:00 PM,7:00 PM,Montreal Canadiens,3,Nashville Predators,4,OT
2021-12-04,6:00 PM,7:00 PM,Toronto Maple Leafs,3,Minnesota Wild,4,SO
2021-12-04,6:30 PM,7:30 PM,Buffalo Sabres,2,Carolina Hurricanes,6,Regulation
2021-12-04,7:00 PM,8:00 PM,Chicago Blackhawks,2,New York Rangers,3,Regulation
2021-12-04,9:00 PM,10:00 PM,Pittsburgh Penguins,4,Vancouver Canucks,1,Regulation
2021-12-05,5:00 PM,6:00 PM,Tampa Bay Lightning,7,Philadelphia Flyers,1,Regulation
2021-12-05,5:00 PM,6:00 PM,San Jose Sharks,4,Columbus Blue Jackets,6,Regulation
2021-12-05,6:30 PM,7:30 PM,Chicago Blackhawks,3,New York Islanders,2,SO
2021-12-05,7:00 PM,8:00 PM,Toronto Maple Leafs,3,Winnipeg Jets,6,Regulation
2021-12-05,7:00 PM,8:00 PM,Los Angeles Kings,5,Edmonton Oilers,1,Regulation
2021-12-05,9:00 PM,10:00 PM,Calgary Flames,2,Vegas Golden Knights,3,Regulation
2021-12-06,6:00 PM,7:00 PM,Ottawa Senators,3,New Jersey Devils,2,SO
2021-12-06,6:00 PM,7:00 PM,Colorado Avalanche,7,Philadelphia Flyers,5,Regulation
2021-12-06,6:00 PM,7:00 PM,Anaheim Ducks,3,Washington Capitals,4,SO
2021-12-06,7:30 PM,8:30 PM,Arizona Coyotes,1,Dallas Stars,4,Regulation
2021-12-06,9:00 PM,10:00 PM,Los Angeles Kings,0,Vancouver Canucks,4,Regulation
2021-12-06,9:00 PM,10:00 PM,Pittsburgh Penguins,6,Seattle Kraken,1,Regulation
2021-12-07,6:00 PM,7:00 PM,Columbus Blue Jackets,4,Toronto Maple Leafs,5,Regulation
2021-12-07,6:00 PM,7:00 PM,Tampa Bay Lightning,3,Montreal Canadiens,2,Regulation
2021-12-07,6:00 PM,7:00 PM,New York Islanders,5,Ottawa Senators,3,Regulation
2021-12-07,6:00 PM,7:00 PM,Nashville Predators,5,Detroit Red Wings,2,Regulation
2021-12-07,6:30 PM,7:30 PM,Anaheim Ducks,2,Buffalo Sabres,0,Regulation
2021-12-07,7:00 PM,8:00 PM,Florida Panthers,3,St Louis Blues,4,OT
2021-12-07,7:00 PM,8:00 PM,Carolina Hurricanes,4,Winnipeg Jets,2,Regulation
2021-12-07,7:30 PM,8:30 PM,New York Rangers,6,Chicago Blackhawks,2,Regulation
2021-12-07,8:00 PM,9:00 PM,Minnesota Wild,4,Edmonton Oilers,1,Regulation
2021-12-07,9:30 PM,10:30 PM,Calgary Flames,3,San Jose Sharks,5,Regulation
2021-12-08,6:00 PM,7:00 PM,Philadelphia Flyers,0,New Jersey Devils,3,Regulation
2021-12-08,6:00 PM,7:00 PM,Colorado Avalanche,7,New York Rangers,3,Regulation
2021-12-08,8:00 PM,9:00 PM,Boston Bruins,1,Vancouver Canucks,2,SO
2021-12-08,9:00 PM,10:00 PM,Dallas Stars,4,Vegas Golden Knights,5,Regulation
2021-12-09,6:00 PM,7:00 PM,Tampa Bay Lightning,5,Toronto Maple Leafs,3,Regulation
2021-12-09,6:00 PM,7:00 PM,Chicago Blackhawks,2,Montreal Canadiens,0,Regulation
2021-12-09,6:00 PM,7:00 PM,Anaheim Ducks,2,Columbus Blue Jackets,1,SO
2021-12-09,6:30 PM,7:30 PM,Nashville Predators,4,New York Islanders,3,Regulation
2021-12-09,7:00 PM,8:00 PM,Detroit Red Wings,2,St Louis Blues,6,Regulation
2021-12-09,8:00 PM,9:00 PM,Carolina Hurricanes,2,Calgary Flames,1,OT
2021-12-09,8:00 PM,9:00 PM,Boston Bruins,3,Edmonton Oilers,2,Regulation
2021-12-09,9:00 PM,10:00 PM,Winnipeg Jets,3,Seattle Kraken,0,Regulation
2021-12-09,9:30 PM,10:30 PM,Dallas Stars,0,Los Angeles Kings,4,Regulation
2021-12-09,9:30 PM,10:30 PM,Minnesota Wild,5,San Jose Sharks,2,Regulation
2021-12-10,6:00 PM,7:00 PM,New York Rangers,2,Buffalo Sabres,1,Regulation
2021-12-10,6:00 PM,7:00 PM,Pittsburgh Penguins,4,Washington Capitals,2,Regulation
2021-12-10,6:30 PM,7:30 PM,Nashville Predators,3,New Jersey Devils,2,Regulation
2021-12-10,8:00 PM,9:00 PM,Detroit Red Wings,3,Colorado Avalanche,7,Regulation
2021-12-10,8:00 PM,9:00 PM,Florida Panthers,3,Arizona Coyotes,1,Regulation
2021-12-10,9:00 PM,10:00 PM,Winnipeg Jets,3,Vancouver Canucks,4,SO
2021-12-10,9:00 PM,10:00 PM,Philadelphia Flyers,4,Vegas Golden Knights,3,Regulation
2021-12-11,12:00 PM,1:00 PM,Tampa Bay Lightning,0,Ottawa Senators,4,Regulation
2021-12-11,6:00 PM,7:00 PM,Washington Capitals,3,Buffalo Sabres,2,SO
2021-12-11,6:00 PM,7:00 PM,Chicago Blackhawks,4,Toronto Maple Leafs,5,Regulation
2021-12-11,6:00 PM,7:00 PM,Anaheim Ducks,0,Pittsburgh Penguins,1,Regulation
2021-12-11,6:00 PM,7:00 PM,Montreal Canadiens,1,St Louis Blues,4,Regulation
2021-12-11,6:30 PM,7:30 PM,New Jersey Devils,2,New York Islanders,4,Regulation
2021-12-11,8:00 PM,9:00 PM,Philadelphia Flyers,5,Arizona Coyotes,3,Regulation
2021-12-11,9:00 PM,10:00 PM,Boston Bruins,4,Calgary Flames,2,Regulation
2021-12-11,9:00 PM,10:00 PM,Carolina Hurricanes,3,Edmonton Oilers,1,Regulation
2021-12-11,9:00 PM,10:00 PM,Columbus Blue Jackets,5,Seattle Kraken,4,OT
2021-12-11,9:30 PM,10:30 PM,Minnesota Wild,1,Los Angeles Kings,2,Regulation
2021-12-11,9:30 PM,10:30 PM,Dallas Stars,1,San Jose Sharks,2,Regulation
2021-12-12,6:00 PM,7:00 PM,Nashville Predators,1,New York Rangers,0,Regulation
2021-12-12,6:00 PM,7:00 PM,Anaheim Ducks,3,St Louis Blues,2,OT
2021-12-12,7:00 PM,8:00 PM,Florida Panthers,2,Colorado Avalanche,3,Regulation
2021-12-12,8:00 PM,9:00 PM,Minnesota Wild,4,Vegas Golden Knights,6,Regulation
2021-12-12,9:00 PM,10:00 PM,Carolina Hurricanes,1,Vancouver Canucks,2,Regulation
2021-12-14,6:00 PM,7:00 PM,Vegas Golden Knights,4,Boston Bruins,1,Regulation
2021-12-14,6:00 PM,7:00 PM,Los Angeles Kings,2,Tampa Bay Lightning,3,OT
2021-12-14,6:00 PM,7:00 PM,Ottawa Senators,8,Florida Panthers,2,Regulation
2021-12-14,6:00 PM,7:00 PM,New Jersey Devils,1,Philadelphia Flyers,6,Regulation
2021-12-14,6:00 PM,7:00 PM,Montreal Canadiens,2,Pittsburgh Penguins,5,Regulation
2021-12-14,6:30 PM,7:30 PM,New York Islanders,1,Detroit Red Wings,2,Regulation
2021-12-14,7:00 PM,8:00 PM,Buffalo Sabres,4,Winnipeg Jets,2,Regulation
2021-12-14,7:30 PM,8:30 PM,St Louis Blues,4,Dallas Stars,1,Regulation
2021-12-14,8:00 PM,9:00 PM,New York Rangers,2,Colorado Avalanche,4,Regulation
2021-12-14,8:00 PM,9:00 PM,Toronto Maple Leafs,5,Edmonton Oilers,1,Regulation
2021-12-14,9:00 PM,10:00 PM,Columbus Blue Jackets,3,Vancouver Canucks,4,Regulation
2021-12-14,9:30 PM,10:30 PM,Seattle Kraken,3,San Jose Sharks,1,Regulation
2021-12-15,7:00 PM,8:00 PM,Washington Capitals,4,Chicago Blackhawks,5,OT
2021-12-15,8:00 PM,9:00 PM,New York Rangers,3,Arizona Coyotes,2,Regulation
2021-12-15,9:00 PM,10:00 PM,Seattle Kraken,1,Anaheim Ducks,4,Regulation
2021-12-16,6:00 PM,7:00 PM,Philadelphia Flyers,2,Montreal Canadiens,3,SO
2021-12-16,6:00 PM,7:00 PM,Ottawa Senators,1,Tampa Bay Lightning,2,Regulation
2021-12-16,6:00 PM,7:00 PM,Los Angeles Kings,4,Florida Panthers,1,Regulation
2021-12-16,6:00 PM,7:00 PM,Vegas Golden Knights,5,New Jersey Devils,3,Regulation
2021-12-16,6:00 PM,7:00 PM,Detroit Red Wings,3,Carolina Hurricanes,5,Regulation
2021-12-16,6:30 PM,7:30 PM,Boston Bruins,1,New York Islanders,3,Regulation
2021-12-16,7:00 PM,8:00 PM,Colorado Avalanche,2,Nashville Predators,5,Regulation
2021-12-16,7:00 PM,8:00 PM,Buffalo Sabres,3,Minnesota Wild,2,SO
2021-12-16,8:00 PM,9:00 PM,Columbus Blue Jackets,2,Edmonton Oilers,5,Regulation
2021-12-16,9:30 PM,10:30 PM,Vancouver Canucks,5,San Jose Sharks,2,Regulation
2021-12-17,6:00 PM,7:00 PM,Vegas Golden Knights,3,New York Rangers,2,SO
2021-12-17,6:00 PM,7:00 PM,Buffalo Sabres,2,Pittsburgh Penguins,3,OT
2021-12-17,7:00 PM,8:00 PM,Dallas Stars,1,St Louis Blues,4,Regulation
2021-12-17,7:00 PM,8:00 PM,Washington Capitals,5,Winnipeg Jets,2,Regulation
2021-12-17,7:30 PM,8:30 PM,Nashville Predators,3,Chicago Blackhawks,2,OT
2021-12-17,9:00 PM,10:00 PM,Arizona Coyotes,6,Anaheim Ducks,5,OT
2021-12-18,6:00 PM,7:00 PM,Ottawa Senators,3,Philadelphia Flyers,4,OT
2021-12-18,6:00 PM,7:00 PM,Los Angeles Kings,1,Carolina Hurricanes,5,Regulation
2021-12-18,7:00 PM,8:00 PM,New Jersey Devils,2,Detroit Red Wings,5,Regulation
2021-12-18,7:00 PM,8:00 PM,Chicago Blackhawks,3,Dallas Stars,4,OT
2021-12-18,9:00 PM,10:00 PM,Edmonton Oilers,5,Seattle Kraken,3,Regulation
2021-12-19,1:00 PM,2:00 PM,Vegas Golden Knights,4,New York Islanders,3,SO
2021-12-19,2:00 PM,3:00 PM,St Louis Blues,2,Winnipeg Jets,4,Regulation
2021-12-19,6:00 PM,7:00 PM,Pittsburgh Penguins,3,New Jersey Devils,2,Regulation
2021-12-19,6:00 PM,7:00 PM,Los Angeles Kings,3,Washington Capitals,2,Regulation
2021-12-20,7:30 PM,8:30 PM,Minnesota Wild,4,Dallas Stars,7,Regulation
2021-12-21,9:00 PM,10:00 PM,Tampa Bay Lightning,4,Vegas Golden Knights,3,Regulation
2021-12-28,6:00 PM,7:00 PM,Montreal Canadiens,4,Tampa Bay Lightning,5,OT
2021-12-28,9:30 PM,10:30 PM,Vegas Golden Knights,6,Los Angeles Kings,3,Regulation
2021-12-28,9:30 PM,10:30 PM,Arizona Coyotes,7,San Jose Sharks,8,SO
2021-12-29,6:00 PM,7:00 PM,New Jersey Devils,4,Buffalo Sabres,3,Regulation
2021-12-29,6:00 PM,7:00 PM,New York Rangers,3,Florida Panthers,4,Regulation
2021-12-29,6:00 PM,7:00 PM,Nashville Predators,3,Washington Capitals,5,Regulation
2021-12-29,7:30 PM,8:30 PM,Edmonton Oilers,2,St Louis Blues,4,Regulation
2021-12-29,9:00 PM,10:00 PM,Philadelphia Flyers,3,Seattle Kraken,2,OT
2021-12-29,9:30 PM,10:30 PM,Vancouver Canucks,2,Anaheim Ducks,1,OT
2021-12-30,6:00 PM,7:00 PM,Tampa Bay Lightning,3,Florida Panthers,9,Regulation
2021-12-30,6:00 PM,7:00 PM,Montreal Canadiens,0,Carolina Hurricanes,4,Regulation
2021-12-30,6:00 PM,7:00 PM,Nashville Predators,3,Columbus Blue Jackets,4,SO
2021-12-30,6:30 PM,7:30 PM,Buffalo Sabres,1,New York Islanders,4,Regulation
2021-12-30,9:00 PM,10:00 PM,Calgary Flames,6,Seattle Kraken,4,Regulation
2021-12-30,9:30 PM,10:30 PM,Vancouver Canucks,1,Los Angeles Kings,2,SO
2021-12-30,9:30 PM,10:30 PM,Philadelphia Flyers,2,San Jose Sharks,3,OT
2021-12-31,12:00 PM,1:00 PM,Edmonton Oilers,5,New Jersey Devils,6,OT
2021-12-31,2:00 PM,3:00 PM,Anaheim Ducks,1,Vegas Golden Knights,3,Regulation
2021-12-31,6:00 PM,7:00 PM,New York Rangers,4,Tampa Bay Lightning,3,SO
2021-12-31,6:30 PM,7:30 PM,Washington Capitals,3,Detroit Red Wings,1,Regulation
2022-01-01,12:00 PM,1:00 PM,Buffalo Sabres,3,Boston Bruins,4,OT
2022-01-01,12:00 PM,1:00 PM,Montreal Canadiens,2,Florida Panthers,5,Regulation
2022-01-01,12:00 PM,1:00 PM,Carolina Hurricanes,7,Columbus Blue Jackets,4,Regulation
2022-01-01,1:00 PM,2:00 PM,Edmonton Oilers,2,New York Islanders,3,OT
2022-01-01,1:00 PM,2:00 PM,Chicago Blackhawks,1,Nashville Predators,6,Regulation
2022-01-01,6:00 PM,7:00 PM,Ottawa Senators,0,Toronto Maple Leafs,6,Regulation
2022-01-01,6:00 PM,7:00 PM,St Louis Blues,6,Minnesota Wild,4,Regulation
2022-01-01,9:00 PM,10:00 PM,Vancouver Canucks,5,Seattle Kraken,2,Regulation
2022-01-01,9:30 PM,10:30 PM,Philadelphia Flyers,3,Los Angeles Kings,6,Regulation
2022-01-02,11:30 AM,12:30 PM,Tampa Bay Lightning,0,New York Rangers,4,Regulation
2022-01-02,12:00 PM,1:00 PM,Boston Bruins,5,Detroit Red Wings,1,Regulation
2022-01-02,12:00 PM,1:00 PM,San Jose Sharks,5,Pittsburgh Penguins,8,Regulation
2022-01-02,2:00 PM,3:00 PM,New Jersey Devils,4,Washington Capitals,3,OT
2022-01-02,2:00 PM,3:00 PM,Anaheim Ducks,2,Colorado Avalanche,4,Regulation
2022-01-02,3:00 PM,4:00 PM,Winnipeg Jets,5,Vegas Golden Knights,4,OT
2022-01-02,6:00 PM,7:00 PM,Calgary Flames,5,Chicago Blackhawks,1,Regulation
2022-01-03,6:00 PM,7:00 PM,Edmonton Oilers,1,New York Rangers,4,Regulation
2022-01-04,6:00 PM,7:00 PM,New Jersey Devils,3,Boston Bruins,5,Regulation
2022-01-04,6:00 PM,7:00 PM,Calgary Flames,2,Florida Panthers,6,Regulation
2022-01-04,6:00 PM,7:00 PM,Tampa Bay Lightning,7,Columbus Blue Jackets,2,Regulation
2022-01-04,6:30 PM,7:30 PM,San Jose Sharks,2,Detroit Red Wings,6,Regulation
2022-01-04,7:30 PM,8:30 PM,Colorado Avalanche,4,Chicago Blackhawks,3,OT
2022-01-04,8:00 PM,9:00 PM,Winnipeg Jets,3,Arizona Coyotes,1,Regulation
2022-01-04,9:00 PM,10:00 PM,Nashville Predators,3,Vegas Golden Knights,2,Regulation
2022-01-04,9:00 PM,10:00 PM,Philadelphia Flyers,1,Anaheim Ducks,4,Regulation
2022-01-05,6:00 PM,7:00 PM,Edmonton Oilers,2,Toronto Maple Leafs,4,Regulation
2022-01-05,6:30 PM,7:30 PM,St Louis Blues,3,Pittsburgh Penguins,5,Regulation
2022-01-06,6:00 PM,7:00 PM,Minnesota Wild,3,Boston Bruins,2,Regulation
2022-01-06,6:00 PM,7:00 PM,San Jose Sharks,3,Buffalo Sabres,2,Regulation
2022-01-06,6:00 PM,7:00 PM,Calgary Flames,1,Tampa Bay Lightning,4,Regulation
2022-01-06,6:00 PM,7:00 PM,Columbus Blue Jackets,1,New Jersey Devils,3,Regulation
2022-01-06,6:00 PM,7:00 PM,Pittsburgh Penguins,6,Philadelphia Flyers,2,Regulation
2022-01-06,7:30 PM,8:30 PM,Florida Panthers,5,Dallas Stars,6,SO
2022-01-06,8:00 PM,9:00 PM,Winnipeg Jets,1,Colorado Avalanche,7,Regulation
2022-01-06,8:00 PM,9:00 PM,Chicago Blackhawks,4,Arizona Coyotes,6,Regulation
2022-01-06,9:00 PM,10:00 PM,New York Rangers,1,Vegas Golden Knights,5,Regulation
2022-01-06,9:30 PM,10:30 PM,Nashville Predators,4,Los Angeles Kings,2,Regulation
2022-01-07,6:00 PM,7:00 PM,Calgary Flames,3,Carolina Hurricanes,6,Regulation
2022-01-07,7:00 PM,8:00 PM,Washington Capitals,1,St Louis Blues,5,Regulation
2022-01-08,1:00 PM,2:00 PM,Pittsburgh Penguins,2,Dallas Stars,3,Regulation
2022-01-08,6:00 PM,7:00 PM,Boston Bruins,5,Tampa Bay Lightning,2,Regulation
2022-01-08,6:00 PM,7:00 PM,San Jose Sharks,3,Philadelphia Flyers,2,OT
2022-01-08,6:00 PM,7:00 PM,Florida Panthers,4,Carolina Hurricanes,3,OT
2022-01-08,6:00 PM,7:00 PM,New Jersey Devils,3,Columbus Blue Jackets,4,Regulation
2022-01-08,6:00 PM,7:00 PM,Toronto Maple Leafs,4,Colorado Avalanche,5,OT
2022-01-08,7:00 PM,8:00 PM,Washington Capitals,2,Minnesota Wild,3,SO
2022-01-08,7:00 PM,8:00 PM,Nashville Predators,4,Arizona Coyotes,2,Regulation
2022-01-08,9:00 PM,10:00 PM,Chicago Blackhawks,2,Vegas Golden Knights,1,Regulation
2022-01-08,9:00 PM,10:00 PM,New York Rangers,4,Anaheim Ducks,1,Regulation
2022-01-08,9:30 PM,10:30 PM,Detroit Red Wings,0,Los Angeles Kings,4,Regulation
2022-01-09,1:00 PM,2:00 PM,Dallas Stars,1,St Louis Blues,2,Regulation
2022-01-09,7:00 PM,8:00 PM,Detroit Red Wings,3,Anaheim Ducks,4,SO
2022-01-10,6:00 PM,7:00 PM,Boston Bruins,7,Washington Capitals,3,Regulation
2022-01-10,8:00 PM,9:00 PM,Seattle Kraken,3,Colorado Avalanche,4,Regulation
2022-01-10,9:30 PM,10:30 PM,New York Rangers,1,Los Angeles Kings,3,Regulation
2022-01-11,6:00 PM,7:00 PM,Tampa Bay Lightning,6,Buffalo Sabres,1,Regulation
2022-01-11,6:00 PM,7:00 PM,Vancouver Canucks,2,Florida Panthers,5,Regulation
2022-01-11,6:00 PM,7:00 PM,Chicago Blackhawks,4,Columbus Blue Jackets,2,Regulation
2022-01-11,7:00 PM,8:00 PM,Colorado Avalanche,4,Nashville Predators,5,OT
2022-01-11,9:00 PM,10:00 PM,Toronto Maple Leafs,4,Vegas Golden Knights,3,SO
2022-01-11,9:00 PM,10:00 PM,Pittsburgh Penguins,4,Anaheim Ducks,1,Regulation
2022-01-11,9:30 PM,10:30 PM,Detroit Red Wings,2,San Jose Sharks,3,OT
2022-01-12,6:00 PM,7:00 PM,Montreal Canadiens,1,Boston Bruins,5,Regulation
2022-01-12,7:30 PM,8:30 PM,Seattle Kraken,2,Dallas Stars,5,Regulation
2022-01-12,9:00 PM,10:00 PM,Toronto Maple Leafs,1,Arizona Coyotes,2,Regulation
2022-01-13,6:00 PM,7:00 PM,Philadelphia Flyers,2,Boston Bruins,3,Regulation
2022-01-13,6:00 PM,7:00 PM,Vancouver Canucks,2,Tampa Bay Lightning,4,Regulation
2022-01-13,6:00 PM,7:00 PM,Columbus Blue Jackets,6,Carolina Hurricanes,0,Regulation
2022-01-13,6:30 PM,7:30 PM,Winnipeg Jets,3,Detroit Red Wings,0,Regulation
2022-01-13,6:30 PM,7:30 PM,New Jersey Devils,2,New York Islanders,3,Regulation
2022-01-13,7:00 PM,8:00 PM,Seattle Kraken,1,St Louis Blues,2,Regulation
2022-01-13,7:00 PM,8:00 PM,Buffalo Sabres,4,Nashville Predators,1,Regulation
2022-01-13,7:30 PM,8:30 PM,Montreal Canadiens,2,Chicago Blackhawks,3,OT
2022-01-13,8:00 PM,9:00 PM,Ottawa Senators,4,Calgary Flames,1,Regulation
2022-01-13,9:30 PM,10:30 PM,Pittsburgh Penguins,2,Los Angeles Kings,6,Regulation
2022-01-13,9:30 PM,10:30 PM,New York Rangers,3,San Jose Sharks,0,Regulation
2022-01-14,6:00 PM,7:00 PM,Dallas Stars,1,Florida Panthers,7,Regulation
2022-01-14,7:00 PM,8:00 PM,Anaheim Ducks,3,Minnesota Wild,7,Regulation
2022-01-14,8:00 PM,9:00 PM,Arizona Coyotes,3,Colorado Avalanche,4,SO
2022-01-15,12:00 PM,1:00 PM,Nashville Predators,3,Boston Bruins,4,OT
2022-01-15,12:00 PM,1:00 PM,Vancouver Canucks,1,Carolina Hurricanes,4,Regulation
2022-01-15,1:00 PM,2:00 PM,Washington Capitals,2,New York Islanders,0,Regulation
2022-01-15,5:00 PM,6:00 PM,Columbus Blue Jackets,2,Florida Panthers,9,Regulation
2022-01-15,6:00 PM,7:00 PM,Buffalo Sabres,0,Detroit Red Wings,4,Regulation
2022-01-15,6:00 PM,7:00 PM,Dallas Stars,1,Tampa Bay Lightning,3,Regulation
2022-01-15,6:00 PM,7:00 PM,New York Rangers,3,Philadelphia Flyers,2,Regulation
2022-01-15,6:00 PM,7:00 PM,Toronto Maple Leafs,6,St Louis Blues,5,Regulation
2022-01-15,7:30 PM,8:30 PM,Anaheim Ducks,0,Chicago Blackhawks,3,Regulation
2022-01-15,8:00 PM,9:00 PM,Colorado Avalanche,5,Arizona Coyotes,0,Regulation
2022-01-15,9:00 PM,10:00 PM,Ottawa Senators,6,Edmonton Oilers,4,Regulation
2022-01-15,9:00 PM,10:00 PM,Los Angeles Kings,3,Seattle Kraken,1,Regulation
2022-01-15,9:30 PM,10:30 PM,Pittsburgh Penguins,2,San Jose Sharks,1,OT
2022-01-16,1:00 PM,2:00 PM,Vancouver Canucks,4,Washington Capitals,2,Regulation
2022-01-17,12:00 PM,1:00 PM,Detroit Red Wings,3,Buffalo Sabres,2,OT
2022-01-17,2:00 PM,3:00 PM,Minnesota Wild,3,Colorado Avalanche,4,SO
2022-01-17,3:00 PM,4:00 PM,Montreal Canadiens,2,Arizona Coyotes,5,Regulation
2022-01-17,3:00 PM,4:00 PM,Los Angeles Kings,2,San Jose Sharks,6,Regulation
2022-01-17,4:00 PM,5:00 PM,Chicago Blackhawks,2,Seattle Kraken,3,SO
2022-01-17,6:30 PM,7:30 PM,Philadelphia Flyers,1,New York Islanders,4,Regulation
2022-01-17,7:00 PM,8:00 PM,Nashville Predators,3,St Louis Blues,5,Regulation
2022-01-17,9:00 PM,10:00 PM,Pittsburgh Penguins,5,Vegas Golden Knights,3,Regulation
2022-01-18,6:00 PM,7:00 PM,New York Islanders,4,Philadelphia Flyers,3,SO
2022-01-18,6:00 PM,7:00 PM,Carolina Hurricanes,7,Boston Bruins,1,Regulation
2022-01-18,6:00 PM,7:00 PM,Buffalo Sabres,3,Ottawa Senators,1,Regulation
2022-01-18,6:00 PM,7:00 PM,Winnipeg Jets,3,Washington Capitals,4,OT
2022-01-18,7:00 PM,8:00 PM,Vancouver Canucks,3,Nashville Predators,1,Regulation
2022-01-18,7:30 PM,8:30 PM,Montreal Canadiens,5,Dallas Stars,3,Regulation
2022-01-18,8:00 PM,9:00 PM,Florida Panthers,1,Calgary Flames,5,Regulation
2022-01-18,9:30 PM,10:30 PM,Tampa Bay Lightning,6,Los Angeles Kings,4,Regulation
2022-01-19,6:00 PM,7:00 PM,Arizona Coyotes,4,New Jersey Devils,1,Regulation
2022-01-19,6:30 PM,7:30 PM,Toronto Maple Leafs,3,New York Rangers,6,Regulation
2022-01-19,9:00 PM,10:00 PM,Colorado Avalanche,2,Anaheim Ducks,0,Regulation
2022-01-20,6:00 PM,7:00 PM,Washington Capitals,3,Boston Bruins,4,Regulation
2022-01-20,6:00 PM,7:00 PM,Dallas Stars,5,Buffalo Sabres,4,Regulation
2022-01-20,6:00 PM,7:00 PM,Columbus Blue Jackets,2,Philadelphia Flyers,1,Regulation
2022-01-20,6:00 PM,7:00 PM,Ottawa Senators,4,Pittsburgh Penguins,6,Regulation
2022-01-20,7:00 PM,8:00 PM,Winnipeg Jets,2,Nashville Predators,5,Regulation
2022-01-20,8:00 PM,9:00 PM,Florida Panthers,6,Edmonton Oilers,0,Regulation
2022-01-20,8:30 PM,9:30 PM,Colorado Avalanche,4,Los Angeles Kings,1,Regulation
2022-01-20,9:00 PM,10:00 PM,Montreal Canadiens,3,Vegas Golden Knights,4,OT
2022-01-20,9:00 PM,10:00 PM,San Jose Sharks,2,Seattle Kraken,3,Regulation
2022-01-21,6:00 PM,7:00 PM,New York Rangers,3,Carolina Hurricanes,6,Regulation
2022-01-21,6:00 PM,7:00 PM,Pittsburgh Penguins,5,Columbus Blue Jackets,2,Regulation
2022-01-21,6:30 PM,7:30 PM,Dallas Stars,5,Detroit Red Wings,4,OT
2022-01-21,6:30 PM,7:30 PM,Arizona Coyotes,0,New York Islanders,4,Regulation
2022-01-21,7:30 PM,8:30 PM,Minnesota Wild,5,Chicago Blackhawks,1,Regulation
2022-01-21,9:00 PM,10:00 PM,Florida Panthers,2,Vancouver Canucks,1,SO
2022-01-21,9:00 PM,10:00 PM,Tampa Bay Lightning,1,Anaheim Ducks,5,Regulation
2022-01-21,9:00 PM,10:00 PM,St Louis Blues,5,Seattle Kraken,0,Regulation
2022-01-22,12:00 PM,1:00 PM,Philadelphia Flyers,3,Buffalo Sabres,6,Regulation
2022-01-22,2:00 PM,3:00 PM,Winnipeg Jets,2,Boston Bruins,3,Regulation
2022-01-22,6:00 PM,7:00 PM,Carolina Hurricanes,4,New Jersey Devils,7,Regulation
2022-01-22,6:00 PM,7:00 PM,Arizona Coyotes,3,New York Rangers,7,Regulation
2022-01-22,6:00 PM,7:00 PM,Ottawa Senators,2,Washington Capitals,3,OT
2022-01-22,6:00 PM,7:00 PM,Montreal Canadiens,2,Colorado Avalanche,3,OT
2022-01-22,6:00 PM,7:00 PM,Toronto Maple Leafs,3,New York Islanders,1,Regulation
2022-01-22,7:30 PM,8:30 PM,Detroit Red Wings,1,Nashville Predators,4,Regulation
2022-01-22,8:00 PM,9:00 PM,Chicago Blackhawks,3,Minnesota Wild,4,OT
2022-01-22,9:00 PM,10:00 PM,Calgary Flames,3,Edmonton Oilers,5,Regulation
2022-01-22,9:30 PM,10:30 PM,Tampa Bay Lightning,7,San Jose Sharks,1,Regulation
2022-01-23,12:00 PM,1:00 PM,Winnipeg Jets,2,Pittsburgh Penguins,3,SO
2022-01-23,5:00 PM,6:00 PM,Ottawa Senators,2,Columbus Blue Jackets,1,Regulation
2022-01-23,6:00 PM,7:00 PM,Los Angeles Kings,3,New Jersey Devils,2,Regulation
2022-01-23,8:00 PM,9:00 PM,Florida Panthers,3,Seattle Kraken,5,Regulation
2022-01-23,9:00 PM,10:00 PM,St Louis Blues,3,Vancouver Canucks,1,Regulation
2022-01-24,6:00 PM,7:00 PM,Anaheim Ducks,5,Boston Bruins,3,Regulation
2022-01-24,6:00 PM,7:00 PM,Los Angeles Kings,2,New York Rangers,3,SO
2022-01-24,6:00 PM,7:00 PM,Dallas Stars,3,Philadelphia Flyers,1,Regulation
2022-01-24,6:00 PM,7:00 PM,Vegas Golden Knights,1,Washington Capitals,0,Regulation
2022-01-24,7:00 PM,8:00 PM,Montreal Canadiens,2,Minnesota Wild,8,Regulation
2022-01-24,8:00 PM,9:00 PM,Chicago Blackhawks,0,Colorado Avalanche,2,Regulation
2022-01-24,8:00 PM,9:00 PM,St Louis Blues,1,Calgary Flames,7,Regulation
2022-01-25,6:00 PM,7:00 PM,Buffalo Sabres,0,Ottawa Senators,5,Regulation
2022-01-25,6:00 PM,7:00 PM,Dallas Stars,5,New Jersey Devils,1,Regulation
2022-01-25,6:00 PM,7:00 PM,Arizona Coyotes,3,Pittsburgh Penguins,6,Regulation
2022-01-25,6:00 PM,7:00 PM,Vegas Golden Knights,3,Carolina Hurricanes,4,OT
2022-01-25,6:30 PM,7:30 PM,Philadelphia Flyers,3,New York Islanders,4,Regulation
2022-01-25,7:00 PM,8:00 PM,Florida Panthers,5,Winnipeg Jets,3,Regulation
2022-01-25,9:00 PM,10:00 PM,Edmonton Oilers,3,Vancouver Canucks,2,OT
2022-01-25,9:00 PM,10:00 PM,Nashville Predators,4,Seattle Kraken,2,Regulation
2022-01-26,6:00 PM,7:00 PM,Anaheim Ducks,3,Toronto Maple Leafs,4,SO
2022-01-26,6:00 PM,7:00 PM,San Jose Sharks,4,Washington Capitals,1,Regulation
2022-01-26,6:00 PM,7:00 PM,Calgary Flames,6,Columbus Blue Jackets,0,Regulation
2022-01-26,6:30 PM,7:30 PM,Chicago Blackhawks,8,Detroit Red Wings,5,Regulation
2022-01-26,9:00 PM,10:00 PM,Boston Bruins,3,Colorado Avalanche,4,OT
2022-01-27,6:00 PM,7:00 PM,Anaheim Ducks,5,Montreal Canadiens,4,Regulation
2022-01-27,6:00 PM,7:00 PM,Carolina Hurricanes,3,Ottawa Senators,2,SO
2022-01-27,6:00 PM,7:00 PM,New Jersey Devils,2,Tampa Bay Lightning,3,Regulation
2022-01-27,6:00 PM,7:00 PM,Vegas Golden Knights,1,Florida Panthers,4,Regulation
2022-01-27,6:00 PM,7:00 PM,Los Angeles Kings,3,New York Islanders,2,Regulation
2022-01-27,6:00 PM,7:00 PM,Seattle Kraken,2,Pittsburgh Penguins,1,OT
2022-01-27,6:00 PM,7:00 PM,New York Rangers,3,Columbus Blue Jackets,5,Regulation
2022-01-27,7:00 PM,8:00 PM,Calgary Flames,1,St Louis Blues,5,Regulation
2022-01-27,7:00 PM,8:00 PM,Vancouver Canucks,5,Winnipeg Jets,1,Regulation
2022-01-27,8:00 PM,9:00 PM,Nashville Predators,2,Edmonton Oilers,3,SO
2022-01-28,6:00 PM,7:00 PM,Detroit Red Wings,3,Pittsburgh Penguins,2,SO
2022-01-28,7:00 PM,8:00 PM,Minnesota Wild,3,New York Rangers,2,Regulation
2022-01-28,7:30 PM,8:30 PM,Colorado Avalanche,6,Chicago Blackhawks,4,Regulation
2022-01-28,8:00 PM,9:00 PM,Washington Capitals,5,Dallas Stars,0,Regulation
2022-01-28,8:00 PM,9:00 PM,Boston Bruins,2,Arizona Coyotes,1,Regulation
2022-01-29,11:30 AM,12:30 PM,Anaheim Ducks,2,Ottawa Senators,1,Regulation
2022-01-29,12:00 PM,1:00 PM,Los Angeles Kings,3,Philadelphia Flyers,4,OT
2022-01-29,2:00 PM,3:00 PM,Winnipeg Jets,4,St Louis Blues,1,Regulation
2022-01-29,5:00 PM,6:00 PM,San Jose Sharks,4,Florida Panthers,5,OT
2022-01-29,6:00 PM,7:00 PM,Edmonton Oilers,7,Montreal Canadiens,2,Regulation
2022-01-29,6:00 PM,7:00 PM,Toronto Maple Leafs,7,Detroit Red Wings,4,Regulation
2022-01-29,6:00 PM,7:00 PM,Vegas Golden Knights,3,Tampa Bay Lightning,2,SO
2022-01-29,6:00 PM,7:00 PM,New Jersey Devils,1,Carolina Hurricanes,2,Regulation
2022-01-29,8:00 PM,9:00 PM,Buffalo Sabres,3,Arizona Coyotes,1,Regulation
2022-01-29,9:00 PM,10:00 PM,Vancouver Canucks,0,Calgary Flames,1,OT
2022-01-30,12:00 PM,1:00 PM,Seattle Kraken,2,New York Rangers,3,Regulation
2022-01-30,12:00 PM,1:00 PM,Los Angeles Kings,4,Pittsburgh Penguins,3,Regulation
2022-01-30,4:00 PM,5:00 PM,San Jose Sharks,1,Carolina Hurricanes,2,Regulation
2022-01-30,6:00 PM,7:00 PM,Columbus Blue Jackets,6,Montreal Canadiens,3,Regulation
2022-01-30,6:00 PM,7:00 PM,Boston Bruins,1,Dallas Stars,6,Regulation
2022-01-30,6:30 PM,7:30 PM,Minnesota Wild,4,New York Islanders,3,Regulation
2022-01-30,7:00 PM,8:00 PM,Buffalo Sabres,1,Colorado Avalanche,4,Regulation
2022-01-31,6:00 PM,7:00 PM,Florida Panthers,8,Columbus Blue Jackets,4,Regulation
2022-01-31,6:30 PM,7:30 PM,New Jersey Devils,4,Toronto Maple Leafs,6,Regulation
2022-01-31,6:30 PM,7:30 PM,Edmonton Oilers,2,Ottawa Senators,3,OT
2022-01-31,6:30 PM,7:30 PM,Anaheim Ducks,1,Detroit Red Wings,2,OT
2022-01-31,6:30 PM,7:30 PM,Vancouver Canucks,3,Chicago Blackhawks,1,Regulation
2022-02-01,6:00 PM,7:00 PM,Seattle Kraken,2,Boston Bruins,3,Regulation
2022-02-01,6:00 PM,7:00 PM,San Jose Sharks,2,Tampa Bay Lightning,3,OT
2022-02-01,6:00 PM,7:00 PM,Toronto Maple Leafs,7,New Jersey Devils,1,Regulation
2022-02-01,6:00 PM,7:00 PM,Florida Panthers,2,New York Rangers,5,Regulation
2022-02-01,6:00 PM,7:00 PM,Winnipeg Jets,1,Philadelphia Flyers,3,Regulation
2022-02-01,6:00 PM,7:00 PM,Washington Capitals,4,Pittsburgh Penguins,3,OT
2022-02-01,6:30 PM,7:30 PM,Ottawa Senators,1,New York Islanders,4,Regulation
2022-02-01,7:00 PM,8:00 PM,Vancouver Canucks,2,Nashville Predators,4,Regulation
2022-02-01,7:30 PM,8:30 PM,Calgary Flames,4,Dallas Stars,3,Regulation
2022-02-01,8:00 PM,9:00 PM,Arizona Coyotes,3,Colorado Avalanche,2,SO
2022-02-01,9:00 PM,10:00 PM,Buffalo Sabres,2,Vegas Golden Knights,5,Regulation
2022-02-02,6:00 PM,7:00 PM,Seattle Kraken,3,New York Islanders,0,Regulation
2022-02-02,6:00 PM,7:00 PM,Edmonton Oilers,5,Washington Capitals,3,Regulation
2022-02-02,6:30 PM,7:30 PM,Los Angeles Kings,5,Detroit Red Wings,3,Regulation
2022-02-02,8:30 PM,9:30 PM,Minnesota Wild,5,Chicago Blackhawks,0,Regulation
2022-02-02,8:30 PM,9:30 PM,Calgary Flames,4,Arizona Coyotes,2,Regulation
2022-02-07,6:00 PM,7:00 PM,Carolina Hurricanes,3,Toronto Maple Leafs,4,OT
2022-02-07,6:00 PM,7:00 PM,New Jersey Devils,1,Ottawa Senators,4,Regulation
2022-02-08,6:00 PM,7:00 PM,Carolina Hurricanes,3,Ottawa Senators,4,Regulation
2022-02-08,6:00 PM,7:00 PM,Pittsburgh Penguins,4,Boston Bruins,2,Regulation
2022-02-08,6:00 PM,7:00 PM,New Jersey Devils,7,Montreal Canadiens,1,Regulation
2022-02-08,6:00 PM,7:00 PM,Columbus Blue Jackets,5,Washington Capitals,4,Regulation
2022-02-08,7:00 PM,8:00 PM,Minnesota Wild,0,Winnipeg Jets,2,Regulation
2022-02-08,8:00 PM,9:00 PM,Vegas Golden Knights,4,Edmonton Oilers,0,Regulation
2022-02-08,9:00 PM,10:00 PM,Arizona Coyotes,1,Vancouver Canucks,5,Regulation
2022-02-09,6:00 PM,7:00 PM,Detroit Red Wings,6,Philadelphia Flyers,3,Regulation
2022-02-09,7:00 PM,8:00 PM,Nashville Predators,3,Dallas Stars,4,Regulation
2022-02-09,7:00 PM,8:00 PM,Chicago Blackhawks,4,Edmonton Oilers,1,Regulation
2022-02-09,8:30 PM,9:30 PM,Vegas Golden Knights,0,Calgary Flames,6,Regulation
2022-02-09,9:00 PM,10:00 PM,Arizona Coyotes,5,Seattle Kraken,2,Regulation
2022-02-09,9:30 PM,10:30 PM,New York Islanders,6,Vancouver Canucks,3,Regulation
2022-02-10,6:00 PM,7:00 PM,Columbus Blue Jackets,4,Buffalo Sabres,3,OT
2022-02-10,6:00 PM,7:00 PM,Carolina Hurricanes,6,Boston Bruins,0,Regulation
2022-02-10,6:00 PM,7:00 PM,Pittsburgh Penguins,2,Ottawa Senators,0,Regulation
2022-02-10,6:00 PM,7:00 PM,Washington Capitals,5,Montreal Canadiens,2,Regulation
2022-02-10,7:00 PM,8:00 PM,New Jersey Devils,7,St Louis Blues,4,Regulation
2022-02-10,8:00 PM,9:00 PM,Toronto Maple Leafs,2,Calgary Flames,5,Regulation
2022-02-10,8:00 PM,9:00 PM,Tampa Bay Lightning,2,Colorado Avalanche,3,Regulation
2022-02-11,7:30 PM,8:30 PM,Winnipeg Jets,3,Dallas Stars,4,OT
2022-02-11,8:00 PM,9:00 PM,New York Islanders,1,Edmonton Oilers,3,Regulation
2022-02-11,8:30 PM,9:30 PM,Tampa Bay Lightning,4,Arizona Coyotes,3,Regulation
2022-02-11,9:00 PM,10:00 PM,Seattle Kraken,4,Anaheim Ducks,3,Regulation
2022-02-12,11:00 AM,12:00 PM,Philadelphia Flyers,2,Detroit Red Wings,4,Regulation
2022-02-12,11:30 AM,12:30 PM,Boston Bruins,2,Ottawa Senators,0,Regulation
2022-02-12,11:30 AM,12:30 PM,Columbus Blue Jackets,2,Montreal Canadiens,1,Regulation
2022-02-12,6:00 PM,7:00 PM,Toronto Maple Leafs,2,Vancouver Canucks,3,Regulation
2022-02-12,6:00 PM,7:00 PM,Winnipeg Jets,5,Nashville Predators,2,Regulation
2022-02-12,7:00 PM,8:00 PM,Carolina Hurricanes,2,Minnesota Wild,3,Regulation
2022-02-12,7:00 PM,8:00 PM,Chicago Blackhawks,1,St Louis Blues,5,Regulation
2022-02-12,9:00 PM,10:00 PM,New York Islanders,2,Calgary Flames,5,Regulation
2022-02-13,11:30 AM,12:30 PM,Ottawa Senators,4,Washington Capitals,1,Regulation
2022-02-13,11:30 AM,12:30 PM,Buffalo Sabres,5,Montreal Canadiens,3,Regulation
2022-02-13,12:30 PM,1:30 PM,Pittsburgh Penguins,4,New Jersey Devils,2,Regulation
2022-02-13,1:00 PM,2:00 PM,Colorado Avalanche,4,Dallas Stars,0,Regulation
2022-02-14,7:00 PM,8:00 PM,Detroit Red Wings,4,Minnesota Wild,7,Regulation
2022-02-14,8:00 PM,9:00 PM,Toronto Maple Leafs,6,Seattle Kraken,2,Regulation
2022-02-14,8:00 PM,9:00 PM,Chicago Blackhawks,3,Winnipeg Jets,1,Regulation
2022-02-14,9:30 PM,10:30 PM,Edmonton Oilers,3,San Jose Sharks,0,Regulation
2022-02-15,6:00 PM,7:00 PM,St Louis Blues,5,Ottawa Senators,2,Regulation
2022-02-15,6:00 PM,7:00 PM,Philadelphia Flyers,4,Pittsburgh Penguins,5,OT
2022-02-15,6:00 PM,7:00 PM,New York Islanders,3,Buffalo Sabres,6,Regulation
2022-02-15,6:00 PM,7:00 PM,Tampa Bay Lightning,6,New Jersey Devils,3,Regulation
2022-02-15,6:00 PM,7:00 PM,Boston Bruins,1,New York Rangers,2,SO
2022-02-15,7:00 PM,8:00 PM,Washington Capitals,4,Nashville Predators,1,Regulation
2022-02-15,8:00 PM,9:00 PM,Columbus Blue Jackets,2,Calgary Flames,6,Regulation
2022-02-15,8:00 PM,9:00 PM,Dallas Stars,4,Colorado Avalanche,1,Regulation
2022-02-15,9:30 PM,10:30 PM,Edmonton Oilers,5,Los Angeles Kings,2,Regulation
2022-02-16,6:00 PM,7:00 PM,Minnesota Wild,3,Winnipeg Jets,6,Regulation
2022-02-16,6:30 PM,7:30 PM,Florida Panthers,3,Carolina Hurricanes,2,OT
2022-02-16,8:30 PM,9:30 PM,Anaheim Ducks,2,Calgary Flames,6,Regulation
2022-02-16,9:00 PM,10:00 PM,Colorado Avalanche,2,Vegas Golden Knights,0,Regulation
2022-02-17,6:00 PM,7:00 PM,Washington Capitals,5,Philadelphia Flyers,3,Regulation
2022-02-17,6:00 PM,7:00 PM,Detroit Red Wings,3,New York Rangers,2,SO
2022-02-17,6:00 PM,7:00 PM,Pittsburgh Penguins,1,Toronto Maple Leafs,4,Regulation
2022-02-17,6:00 PM,7:00 PM,St Louis Blues,2,Montreal Canadiens,3,OT
2022-02-17,6:00 PM,7:00 PM,Ottawa Senators,3,Buffalo Sabres,1,Regulation
2022-02-17,6:30 PM,7:30 PM,Boston Bruins,1,New York Islanders,4,Regulation
2022-02-17,7:00 PM,8:00 PM,Seattle Kraken,3,Winnipeg Jets,5,Regulation
2022-02-17,7:30 PM,8:30 PM,Columbus Blue Jackets,7,Chicago Blackhawks,4,Regulation
2022-02-17,8:00 PM,9:00 PM,Anaheim Ducks,3,Edmonton Oilers,7,Regulation
2022-02-17,9:30 PM,10:30 PM,Vancouver Canucks,5,San Jose Sharks,4,OT
2022-02-18,6:00 PM,7:00 PM,Nashville Predators,3,Carolina Hurricanes,5,Regulation
2022-02-18,7:00 PM,8:00 PM,Florida Panthers,6,Minnesota Wild,2,Regulation
2022-02-18,7:30 PM,8:30 PM,Dallas Stars,1,Chicago Blackhawks,0,SO
2022-02-18,9:00 PM,10:00 PM,Los Angeles Kings,4,Vegas Golden Knights,3,OT
2022-02-19,12:00 PM,1:00 PM,Colorado Avalanche,5,Buffalo Sabres,3,Regulation
2022-02-19,3:00 PM,4:00 PM,Edmonton Oilers,4,Winnipeg Jets,2,Regulation
2022-02-19,6:00 PM,7:00 PM,Boston Bruins,3,Ottawa Senators,2,OT
2022-02-19,6:00 PM,7:00 PM,St Louis Blues,6,Toronto Maple Leafs,3,Regulation
2022-02-19,8:00 PM,9:00 PM,Los Angeles Kings,5,Arizona Coyotes,3,Regulation
2022-02-19,9:00 PM,10:00 PM,Seattle Kraken,1,Calgary Flames,2,Regulation
2022-02-19,9:00 PM,10:00 PM,Anaheim Ducks,7,Vancouver Canucks,4,Regulation
2022-02-20,12:00 PM,1:00 PM,Carolina Hurricanes,4,Pittsburgh Penguins,3,Regulation
2022-02-20,1:00 PM,2:00 PM,Montreal Canadiens,3,New York Islanders,2,SO
2022-02-20,2:00 PM,3:00 PM,Florida Panthers,5,Chicago Blackhawks,2,Regulation
2022-02-20,4:00 PM,5:00 PM,New York Rangers,2,Ottawa Senators,1,Regulation
2022-02-20,5:00 PM,6:00 PM,Buffalo Sabres,3,Columbus Blue Jackets,7,Regulation
2022-02-20,6:00 PM,7:00 PM,Dallas Stars,1,Arizona Coyotes,3,Regulation
2022-02-20,7:00 PM,8:00 PM,Minnesota Wild,7,Edmonton Oilers,3,Regulation
2022-02-20,7:00 PM,8:00 PM,Vegas Golden Knights,4,San Jose Sharks,1,Regulation
2022-02-21,12:00 PM,1:00 PM,Colorado Avalanche,1,Boston Bruins,5,Regulation
2022-02-21,2:00 PM,3:00 PM,Carolina Hurricanes,4,Philadelphia Flyers,3,OT
2022-02-21,3:00 PM,4:00 PM,Winnipeg Jets,1,Calgary Flames,3,Regulation
2022-02-21,6:00 PM,7:00 PM,Toronto Maple Leafs,2,Montreal Canadiens,5,Regulation
2022-02-21,9:00 PM,10:00 PM,Seattle Kraken,2,Vancouver Canucks,5,Regulation
2022-02-22,6:00 PM,7:00 PM,Nashville Predators,6,Florida Panthers,4,Regulation
2022-02-22,6:00 PM,7:00 PM,Toronto Maple Leafs,3,Columbus Blue Jackets,4,OT
2022-02-22,6:00 PM,7:00 PM,Minnesota Wild,3,Ottawa Senators,4,Regulation
2022-02-22,6:00 PM,7:00 PM,St Louis Blues,4,Philadelphia Flyers,1,Regulation
2022-02-22,9:00 PM,10:00 PM,San Jose Sharks,3,Anaheim Ducks,4,SO
2022-02-22,9:00 PM,10:00 PM,New York Islanders,5,Seattle Kraken,2,Regulation
2022-02-23,6:30 PM,7:30 PM,Colorado Avalanche,5,Detroit Red Wings,2,Regulation
2022-02-23,6:30 PM,7:30 PM,Edmonton Oilers,3,Tampa Bay Lightning,5,Regulation
2022-02-23,6:30 PM,7:30 PM,Winnipeg Jets,2,Dallas Stars,3,OT
2022-02-23,6:30 PM,7:30 PM,Buffalo Sabres,0,Montreal Canadiens,4,Regulation
2022-02-23,9:00 PM,10:00 PM,Los Angeles Kings,3,Arizona Coyotes,2,Regulation
2022-02-24,6:00 PM,7:00 PM,New Jersey Devils,6,Pittsburgh Penguins,1,Regulation
2022-02-24,6:00 PM,7:00 PM,Minnesota Wild,1,Toronto Maple Leafs,3,Regulation
2022-02-24,6:00 PM,7:00 PM,Columbus Blue Jackets,6,Florida Panthers,3,Regulation
2022-02-24,6:00 PM,7:00 PM,Washington Capitals,1,New York Rangers,4,Regulation
2022-02-24,7:30 PM,8:30 PM,Dallas Stars,1,Nashville Predators,2,SO
2022-02-24,9:00 PM,10:00 PM,Calgary Flames,1,Vancouver Canucks,7,Regulation
2022-02-24,9:00 PM,10:00 PM,Boston Bruins,3,Seattle Kraken,2,OT
2022-02-24,9:30 PM,10:30 PM,New York Islanders,3,San Jose Sharks,4,SO
2022-02-25,6:00 PM,7:00 PM,Columbus Blue Jackets,0,Carolina Hurricanes,4,Regulation
2022-02-25,7:00 PM,8:00 PM,Buffalo Sabres,3,St Louis Blues,5,Regulation
2022-02-25,7:30 PM,8:30 PM,New Jersey Devils,5,Chicago Blackhawks,8,Regulation
2022-02-25,8:00 PM,9:00 PM,Winnipeg Jets,3,Colorado Avalanche,6,Regulation
2022-02-25,8:30 PM,9:30 PM,Vegas Golden Knights,1,Arizona Coyotes,3,Regulation
2022-02-25,9:00 PM,10:00 PM,Los Angeles Kings,4,Anaheim Ducks,1,Regulation
2022-02-26,11:30 AM,12:30 PM,Edmonton Oilers,4,Florida Panthers,3,Regulation
2022-02-26,11:30 AM,12:30 PM,Washington Capitals,1,Philadelphia Flyers,2,Regulation
2022-02-26,2:00 PM,3:00 PM,New York Rangers,0,Pittsburgh Penguins,1,Regulation
2022-02-26,6:00 PM,7:00 PM,Montreal Canadiens,2,Ottawa Senators,1,Regulation
2022-02-26,6:30 PM,7:30 PM,Tampa Bay Lightning,3,Nashville Predators,2,Regulation
2022-02-26,6:30 PM,7:30 PM,Toronto Maple Leafs,10,Detroit Red Wings,7,Regulation
2022-02-26,9:00 PM,10:00 PM,Minnesota Wild,3,Calgary Flames,7,Regulation
2022-02-26,9:00 PM,10:00 PM,Colorado Avalanche,3,Vegas Golden Knights,2,Regulation
2022-02-26,9:00 PM,10:00 PM,Boston Bruins,3,San Jose Sharks,1,Regulation
2022-02-26,9:30 PM,10:30 PM,New York Islanders,2,Los Angeles Kings,5,Regulation
2022-02-27,12:00 PM,1:00 PM,Edmonton Oilers,1,Carolina Hurricanes,2,Regulation
2022-02-27,1:00 PM,2:00 PM,Buffalo Sabres,2,Dallas Stars,4,Regulation
2022-02-27,2:00 PM,3:00 PM,St Louis Blues,4,Chicago Blackhawks,0,Regulation
2022-02-27,3:00 PM,4:00 PM,Winnipeg Jets,5,Arizona Coyotes,3,Regulation
2022-02-27,5:00 PM,6:00 PM,Pittsburgh Penguins,3,Columbus Blue Jackets,2,Regulation
2022-02-27,6:30 PM,7:30 PM,Vancouver Canucks,5,New York Rangers,2,Regulation
2022-02-27,7:30 PM,8:30 PM,New York Islanders,4,Anaheim Ducks,0,Regulation
2022-02-27,9:00 PM,10:00 PM,Seattle Kraken,1,San Jose Sharks,3,Regulation
2022-02-28,6:30 PM,7:30 PM,Vancouver Canucks,2,New Jersey Devils,7,Regulation
2022-02-28,6:30 PM,7:30 PM,Toronto Maple Leafs,5,Washington Capitals,3,Regulation
2022-02-28,9:30 PM,10:30 PM,Boston Bruins,7,Los Angeles Kings,0,Regulation
2022-03-01,6:00 PM,7:00 PM,Ottawa Senators,2,Tampa Bay Lightning,5,Regulation
2022-03-01,6:00 PM,7:00 PM,Edmonton Oilers,3,Philadelphia Flyers,0,Regulation
2022-03-01,6:00 PM,7:00 PM,New Jersey Devils,3,Columbus Blue Jackets,4,Regulation
2022-03-01,6:30 PM,7:30 PM,Carolina Hurricanes,3,Detroit Red Wings,4,OT
2022-03-01,7:00 PM,8:00 PM,Calgary Flames,5,Minnesota Wild,1,Regulation
2022-03-01,7:00 PM,8:00 PM,Montreal Canadiens,4,Winnipeg Jets,8,Regulation
2022-03-01,8:00 PM,9:00 PM,New York Islanders,3,Colorado Avalanche,5,Regulation
2022-03-01,9:00 PM,10:00 PM,San Jose Sharks,1,Vegas Golden Knights,3,Regulation
2022-03-01,9:00 PM,10:00 PM,Boston Bruins,3,Anaheim Ducks,4,Regulation
2022-03-02,6:30 PM,7:30 PM,Buffalo Sabres,5,Toronto Maple Leafs,1,Regulation
2022-03-02,6:30 PM,7:30 PM,St Louis Blues,3,New York Rangers,5,Regulation
2022-03-02,7:30 PM,8:30 PM,Los Angeles Kings,3,Dallas Stars,4,Regulation
2022-03-02,9:00 PM,10:00 PM,Nashville Predators,3,Seattle Kraken,4,Regulation
2022-03-03,6:00 PM,7:00 PM,Pittsburgh Penguins,5,Tampa Bay Lightning,1,Regulation
2022-03-03,6:00 PM,7:00 PM,Ottawa Senators,0,Florida Panthers,3,Regulation
2022-03-03,6:00 PM,7:00 PM,Minnesota Wild,5,Philadelphia Flyers,4,Regulation
2022-03-03,6:00 PM,7:00 PM,Carolina Hurricanes,0,Washington Capitals,4,Regulation
2022-03-03,6:30 PM,7:30 PM,Vancouver Canucks,4,New York Islanders,3,Regulation
2022-03-03,7:30 PM,8:30 PM,Edmonton Oilers,3,Chicago Blackhawks,4,OT
2022-03-03,8:00 PM,9:00 PM,Montreal Canadiens,5,Calgary Flames,4,OT
2022-03-03,8:00 PM,9:00 PM,Colorado Avalanche,1,Arizona Coyotes,2,Regulation
2022-03-03,8:00 PM,9:00 PM,Boston Bruins,5,Vegas Golden Knights,2,Regulation
2022-03-04,6:00 PM,7:00 PM,Minnesota Wild,4,Buffalo Sabres,5,Regulation
2022-03-04,6:00 PM,7:00 PM,Detroit Red Wings,1,Tampa Bay Lightning,3,Regulation
2022-03-04,6:00 PM,7:00 PM,New Jersey Devils,1,New York Rangers,3,Regulation
2022-03-04,6:00 PM,7:00 PM,Pittsburgh Penguins,2,Carolina Hurricanes,3,OT
2022-03-04,6:00 PM,7:00 PM,Los Angeles Kings,4,Columbus Blue Jackets,3,OT
2022-03-04,7:00 PM,8:00 PM,Dallas Stars,4,Winnipeg Jets,3,OT
2022-03-04,9:00 PM,10:00 PM,Vegas Golden Knights,5,Anaheim Ducks,4,Regulation
2022-03-05,11:30 AM,12:30 PM,St Louis Blues,1,New York Islanders,2,Regulation
2022-03-05,2:00 PM,3:00 PM,Chicago Blackhawks,3,Philadelphia Flyers,4,Regulation
2022-03-05,3:00 PM,4:00 PM,Ottawa Senators,5,Arizona Coyotes,8,Regulation
2022-03-05,5:00 PM,6:00 PM,Detroit Red Wings,2,Florida Panthers,6,Regulation
2022-03-05,6:00 PM,7:00 PM,Vancouver Canucks,6,Toronto Maple Leafs,4,Regulation
2022-03-05,6:00 PM,7:00 PM,Seattle Kraken,2,Washington Capitals,5,Regulation
2022-03-05,6:00 PM,7:00 PM,Boston Bruins,5,Columbus Blue Jackets,4,SO
2022-03-05,6:00 PM,7:00 PM,Montreal Canadiens,5,Edmonton Oilers,2,Regulation
2022-03-05,7:00 PM,8:00 PM,Nashville Predators,8,San Jose Sharks,0,Regulation
2022-03-05,9:00 PM,10:00 PM,Calgary Flames,4,Colorado Avalanche,3,OT
2022-03-06,12:00 PM,1:00 PM,Los Angeles Kings,3,Buffalo Sabres,0,Regulation
2022-03-06,12:00 PM,1:00 PM,St Louis Blues,2,New Jersey Devils,3,OT
2022-03-06,3:00 PM,4:00 PM,Dallas Stars,6,Minnesota Wild,3,Regulation
2022-03-06,6:00 PM,7:00 PM,Seattle Kraken,2,Carolina Hurricanes,3,Regulation
2022-03-06,6:00 PM,7:00 PM,Tampa Bay Lightning,6,Chicago Blackhawks,3,Regulation
2022-03-06,6:00 PM,7:00 PM,New York Rangers,4,Winnipeg Jets,1,Regulation
2022-03-06,7:00 PM,8:00 PM,Ottawa Senators,1,Vegas Golden Knights,2,Regulation
2022-03-06,7:00 PM,8:00 PM,San Jose Sharks,2,Anaheim Ducks,3,OT
2022-03-07,6:00 PM,7:00 PM,Los Angeles Kings,3,Boston Bruins,2,OT
2022-03-07,6:00 PM,7:00 PM,Florida Panthers,6,Buffalo Sabres,1,Regulation
2022-03-07,6:00 PM,7:00 PM,Toronto Maple Leafs,5,Columbus Blue Jackets,4,Regulation
2022-03-07,6:30 PM,7:30 PM,Colorado Avalanche,5,New York Islanders,4,Regulation
2022-03-07,8:30 PM,9:30 PM,Edmonton Oilers,1,Calgary Flames,3,Regulation
2022-03-08,6:00 PM,7:00 PM,Colorado Avalanche,3,New Jersey Devils,5,Regulation
2022-03-08,6:00 PM,7:00 PM,Vegas Golden Knights,1,Philadelphia Flyers,2,Regulation
2022-03-08,6:00 PM,7:00 PM,Florida Panthers,4,Pittsburgh Penguins,3,Regulation
2022-03-08,6:30 PM,7:30 PM,Seattle Kraken,4,Toronto Maple Leafs,6,Regulation
2022-03-08,6:30 PM,7:30 PM,Arizona Coyotes,9,Detroit Red Wings,2,Regulation
2022-03-08,7:00 PM,8:00 PM,Ottawa Senators,4,St Louis Blues,1,Regulation
2022-03-08,7:00 PM,8:00 PM,Dallas Stars,1,Nashville Predators,2,Regulation
2022-03-08,7:00 PM,8:00 PM,New York Rangers,2,Minnesota Wild,5,Regulation
2022-03-08,7:00 PM,8:00 PM,Tampa Bay Lightning,4,Winnipeg Jets,7,Regulation
2022-03-08,7:30 PM,8:30 PM,Anaheim Ducks,3,Chicago Blackhawks,8,Regulation
2022-03-08,8:00 PM,9:00 PM,Washington Capitals,5,Calgary Flames,4,Regulation
2022-03-09,7:00 PM,8:00 PM,Washington Capitals,3,Edmonton Oilers,4,OT
2022-03-09,9:30 PM,10:30 PM,Montreal Canadiens,3,Vancouver Canucks,5,Regulation
2022-03-10,6:00 PM,7:00 PM,Chicago Blackhawks,3,Boston Bruins,4,Regulation
2022-03-10,6:00 PM,7:00 PM,Vegas Golden Knights,1,Buffalo Sabres,3,Regulation
2022-03-10,6:00 PM,7:00 PM,Arizona Coyotes,5,Toronto Maple Leafs,4,OT
2022-03-10,6:00 PM,7:00 PM,Seattle Kraken,3,Ottawa Senators,4,OT
2022-03-10,6:00 PM,7:00 PM,Minnesota Wild,6,Detroit Red Wings,5,SO
2022-03-10,6:00 PM,7:00 PM,Philadelphia Flyers,3,Florida Panthers,6,Regulation
2022-03-10,6:00 PM,7:00 PM,Winnipeg Jets,2,New Jersey Devils,1,Regulation
2022-03-10,6:00 PM,7:00 PM,Colorado Avalanche,0,Carolina Hurricanes,2,Regulation
2022-03-10,6:30 PM,7:30 PM,Columbus Blue Jackets,0,New York Islanders,6,Regulation
2022-03-10,7:00 PM,8:00 PM,New York Rangers,2,St Louis Blues,6,Regulation
2022-03-10,7:00 PM,8:00 PM,Anaheim Ducks,1,Nashville Predators,4,Regulation
2022-03-10,8:00 PM,9:00 PM,Tampa Bay Lightning,1,Calgary Flames,4,Regulation
2022-03-10,9:30 PM,10:30 PM,San Jose Sharks,4,Los Angeles Kings,3,OT
2022-03-11,6:00 PM,7:00 PM,Vegas Golden Knights,2,Pittsburgh Penguins,5,Regulation
2022-03-11,6:00 PM,7:00 PM,Minnesota Wild,2,Columbus Blue Jackets,3,SO
2022-03-11,6:30 PM,7:30 PM,Winnipeg Jets,2,New York Islanders,5,Regulation
2022-03-11,9:00 PM,10:00 PM,Washington Capitals,4,Vancouver Canucks,3,OT
2022-03-12,11:30 AM,12:30 PM,St Louis Blues,7,Nashville Predators,4,Regulation
2022-03-12,2:00 PM,3:00 PM,Philadelphia Flyers,1,Carolina Hurricanes,3,Regulation
2022-03-12,6:00 PM,7:00 PM,Arizona Coyotes,2,Boston Bruins,3,Regulation
2022-03-12,6:00 PM,7:00 PM,Seattle Kraken,4,Montreal Canadiens,3,SO
2022-03-12,6:00 PM,7:00 PM,Chicago Blackhawks,6,Ottawa Senators,3,Regulation
2022-03-12,6:00 PM,7:00 PM,Anaheim Ducks,1,New Jersey Devils,2,SO
2022-03-12,6:00 PM,7:00 PM,Detroit Red Wings,0,Calgary Flames,3,Regulation
2022-03-12,7:00 PM,8:00 PM,New York Rangers,7,Dallas Stars,4,Regulation
2022-03-12,8:30 PM,9:30 PM,Los Angeles Kings,0,San Jose Sharks,5,Regulation
2022-03-12,9:00 PM,10:00 PM,Tampa Bay Lightning,1,Edmonton Oilers,4,Regulation
2022-03-13,11:00 AM,1:00 PM,Carolina Hurricanes,2,Pittsburgh Penguins,4,Regulation
2022-03-13,2:00 PM,4:00 PM,Toronto Maple Leafs,2,Buffalo Sabres,5,Regulation
2022-03-13,5:00 PM,7:00 PM,Montreal Canadiens,4,Philadelphia Flyers,3,OT
2022-03-13,5:00 PM,7:00 PM,Vegas Golden Knights,4,Columbus Blue Jackets,6,Regulation
2022-03-13,5:00 PM,7:00 PM,Winnipeg Jets,4,St Louis Blues,3,OT
2022-03-13,5:00 PM,7:00 PM,Nashville Predators,6,Minnesota Wild,2,Regulation
2022-03-13,5:30 PM,7:30 PM,Anaheim Ducks,3,New York Islanders,4,Regulation
2022-03-13,6:00 PM,8:00 PM,Calgary Flames,0,Colorado Avalanche,3,Regulation
2022-03-13,8:00 PM,10:00 PM,Tampa Bay Lightning,2,Vancouver Canucks,1,Regulation
2022-03-13,8:00 PM,10:00 PM,Florida Panthers,2,Los Angeles Kings,3,SO
2022-03-14,5:30 PM,7:30 PM,Arizona Coyotes,5,Ottawa Senators,3,Regulation
2022-03-15,5:00 PM,7:00 PM,Dallas Stars,0,Toronto Maple Leafs,4,Regulation
2022-03-15,5:00 PM,7:00 PM,Arizona Coyotes,6,Montreal Canadiens,3,Regulation
2022-03-15,5:00 PM,7:00 PM,Anaheim Ducks,3,New York Rangers,4,OT
2022-03-15,5:00 PM,7:00 PM,New York Islanders,3,Washington Capitals,4,SO
2022-03-15,6:00 PM,8:00 PM,Pittsburgh Penguins,1,Nashville Predators,4,Regulation
2022-03-15,6:00 PM,8:00 PM,Vegas Golden Knights,3,Winnipeg Jets,7,Regulation
2022-03-15,6:30 PM,8:30 PM,Boston Bruins,2,Chicago Blackhawks,1,OT
2022-03-15,7:00 PM,9:00 PM,Detroit Red Wings,5,Edmonton Oilers,7,Regulation
2022-03-15,8:00 PM,10:00 PM,New Jersey Devils,3,Vancouver Canucks,6,Regulation
2022-03-15,8:30 PM,10:30 PM,Colorado Avalanche,3,Los Angeles Kings,0,Regulation
2022-03-15,8:30 PM,10:30 PM,Florida Panthers,3,San Jose Sharks,2,OT
2022-03-16,5:30 PM,7:30 PM,Columbus Blue Jackets,4,Ottawa Senators,1,Regulation
2022-03-16,5:30 PM,7:30 PM,Boston Bruins,2,Minnesota Wild,4,Regulation
2022-03-16,8:00 PM,10:00 PM,New Jersey Devils,3,Calgary Flames,6,Regulation
2022-03-16,8:00 PM,10:00 PM,Tampa Bay Lightning,4,Seattle Kraken,1,Regulation
2022-03-17,5:00 PM,7:00 PM,New York Islanders,2,New York Rangers,1,Regulation
2022-03-17,5:00 PM,7:00 PM,Carolina Hurricanes,2,Toronto Maple Leafs,3,Regulation
2022-03-17,5:00 PM,7:00 PM,Dallas Stars,4,Montreal Canadiens,3,OT
2022-03-17,5:00 PM,7:00 PM,Nashville Predators,4,Philadelphia Flyers,5,Regulation
2022-03-17,5:00 PM,7:00 PM,Washington Capitals,7,Columbus Blue Jackets,2,Regulation
2022-03-17,6:00 PM,8:00 PM,Pittsburgh Penguins,3,St Louis Blues,2,SO
2022-03-17,7:00 PM,9:00 PM,Buffalo Sabres,1,Edmonton Oilers,6,Regulation
2022-03-17,8:00 PM,10:00 PM,Detroit Red Wings,1,Vancouver Canucks,0,Regulation
2022-03-17,8:00 PM,10:00 PM,San Jose Sharks,0,Los Angeles Kings,3,Regulation
2022-03-17,8:30 PM,10:30 PM,Florida Panthers,3,Vegas Golden Knights,5,Regulation
2022-03-18,5:00 PM,7:00 PM,Philadelphia Flyers,1,Ottawa Senators,3,Regulation
2022-03-18,5:00 PM,7:00 PM,Washington Capitals,4,Carolina Hurricanes,3,SO
2022-03-18,6:00 PM,8:00 PM,Boston Bruins,4,Winnipeg Jets,2,Regulation
2022-03-18,7:00 PM,9:00 PM,Buffalo Sabres,1,Calgary Flames,0,OT
2022-03-18,8:00 PM,10:00 PM,Florida Panthers,3,Anaheim Ducks,0,Regulation
2022-03-18,8:30 PM,10:30 PM,Colorado Avalanche,5,San Jose Sharks,3,Regulation
2022-03-19,12:00 PM,2:00 PM,Dallas Stars,2,New York Islanders,4,Regulation
2022-03-19,12:00 PM,2:00 PM,Chicago Blackhawks,1,Minnesota Wild,3,Regulation
2022-03-19,1:00 PM,3:00 PM,New Jersey Devils,3,Edmonton Oilers,6,Regulation
2022-03-19,2:00 PM,4:00 PM,Los Angeles Kings,1,Vegas Golden Knights,5,Regulation
2022-03-19,3:00 PM,5:00 PM,St Louis Blues,4,Columbus Blue Jackets,5,Regulation
2022-03-19,3:00 PM,5:00 PM,Pittsburgh Penguins,4,Arizona Coyotes,1,Regulation
2022-03-19,5:00 PM,7:00 PM,Ottawa Senators,1,Montreal Canadiens,5,Regulation
2022-03-19,5:00 PM,7:00 PM,Toronto Maple Leafs,3,Nashville Predators,6,Regulation
2022-03-19,6:00 PM,8:00 PM,New York Rangers,2,Tampa Bay Lightning,1,Regulation
2022-03-19,8:00 PM,10:00 PM,Calgary Flames,5,Vancouver Canucks,2,Regulation
2022-03-19,8:00 PM,10:00 PM,Detroit Red Wings,2,Seattle Kraken,4,Regulation
2022-03-20,12:00 PM,2:00 PM,New York Islanders,1,Philadelphia Flyers,2,Regulation
2022-03-20,3:00 PM,5:00 PM,Dallas Stars,3,Washington Capitals,2,Regulation
2022-03-20,4:00 PM,6:00 PM,New York Rangers,2,Carolina Hurricanes,0,Regulation
2022-03-20,5:00 PM,7:00 PM,Winnipeg Jets,6,Chicago Blackhawks,4,Regulation
2022-03-20,5:00 PM,7:00 PM,Arizona Coyotes,2,San Jose Sharks,4,Regulation
2022-03-20,8:00 PM,10:00 PM,Buffalo Sabres,3,Vancouver Canucks,2,OT
2022-03-21,5:00 PM,7:00 PM,Boston Bruins,3,Montreal Canadiens,2,OT
2022-03-21,6:00 PM,8:00 PM,Vegas Golden Knights,0,Minnesota Wild,3,Regulation
2022-03-21,7:30 PM,9:30 PM,Edmonton Oilers,2,Colorado Avalanche,3,OT
2022-03-21,8:00 PM,10:00 PM,Nashville Predators,6,Anaheim Ducks,3,Regulation
2022-03-22,5:00 PM,7:00 PM,New York Rangers,4,New Jersey Devils,7,Regulation
2022-03-22,5:00 PM,7:00 PM,Columbus Blue Jackets,1,Pittsburgh Penguins,5,Regulation
2022-03-22,5:00 PM,7:00 PM,St Louis Blues,5,Washington Capitals,2,Regulation
2022-03-22,5:00 PM,7:00 PM,Tampa Bay Lightning,2,Carolina Hurricanes,3,Regulation
2022-03-22,5:30 PM,7:30 PM,Philadelphia Flyers,3,Detroit Red Wings,6,Regulation
2022-03-22,5:30 PM,7:30 PM,Ottawa Senators,0,New York Islanders,3,Regulation
2022-03-22,6:00 PM,8:00 PM,Vegas Golden Knights,0,Winnipeg Jets,4,Regulation
2022-03-22,6:30 PM,8:30 PM,Edmonton Oilers,3,Dallas Stars,5,Regulation
2022-03-22,7:00 PM,9:00 PM,San Jose Sharks,4,Calgary Flames,3,Regulation
2022-03-22,8:00 PM,10:00 PM,Seattle Kraken,4,Arizona Coyotes,2,Regulation
2022-03-22,8:30 PM,10:30 PM,Nashville Predators,1,Los Angeles Kings,6,Regulation
2022-03-23,5:00 PM,7:00 PM,New Jersey Devils,2,Toronto Maple Leafs,3,Regulation
2022-03-23,5:30 PM,7:30 PM,Pittsburgh Penguins,3,Buffalo Sabres,4,SO
2022-03-23,7:30 PM,9:30 PM,Vancouver Canucks,3,Colorado Avalanche,1,Regulation
2022-03-23,8:00 PM,10:00 PM,Chicago Blackhawks,4,Anaheim Ducks,2,Regulation
2022-03-24,5:00 PM,7:00 PM,Tampa Bay Lightning,2,Boston Bruins,3,Regulation
2022-03-24,5:00 PM,7:00 PM,Florida Panthers,4,Montreal Canadiens,3,Regulation
2022-03-24,5:00 PM,7:00 PM,Dallas Stars,4,Carolina Hurricanes,3,SO
2022-03-24,5:30 PM,7:30 PM,Detroit Red Wings,2,New York Islanders,5,Regulation
2022-03-24,6:00 PM,8:00 PM,Ottawa Senators,5,Winnipeg Jets,2,Regulation
2022-03-24,6:00 PM,8:00 PM,Philadelphia Flyers,5,St Louis Blues,2,Regulation
2022-03-24,6:00 PM,8:00 PM,Vancouver Canucks,2,Minnesota Wild,3,OT
2022-03-24,7:00 PM,9:00 PM,San Jose Sharks,2,Edmonton Oilers,5,Regulation
2022-03-24,8:00 PM,10:00 PM,Nashville Predators,1,Vegas Golden Knights,6,Regulation
2022-03-24,8:00 PM,10:00 PM,Chicago Blackhawks,4,Los Angeles Kings,3,SO
2022-03-25,5:00 PM,7:00 PM,Washington Capitals,4,Buffalo Sabres,3,SO
2022-03-25,5:00 PM,7:00 PM,Pittsburgh Penguins,1,New York Rangers,5,Regulation
2022-03-25,6:00 PM,8:00 PM,Columbus Blue Jackets,3,Winnipeg Jets,4,OT
2022-03-25,7:00 PM,9:00 PM,Philadelphia Flyers,3,Colorado Avalanche,6,Regulation
2022-03-25,7:00 PM,9:00 PM,Arizona Coyotes,2,Calgary Flames,4,Regulation
2022-03-26,10:30 AM,12:30 PM,New York Islanders,3,Boston Bruins,6,Regulation
2022-03-26,10:30 AM,12:30 PM,Tampa Bay Lightning,2,Detroit Red Wings,1,OT
2022-03-26,1:00 PM,3:00 PM,Chicago Blackhawks,4,Vegas Golden Knights,5,OT
2022-03-26,5:00 PM,7:00 PM,Toronto Maple Leafs,2,Montreal Canadiens,4,Regulation
2022-03-26,5:00 PM,7:00 PM,Florida Panthers,4,Ottawa Senators,3,SO
2022-03-26,5:00 PM,7:00 PM,New Jersey Devils,3,Washington Capitals,4,Regulation
2022-03-26,5:00 PM,7:00 PM,Vancouver Canucks,4,Dallas Stars,1,Regulation
2022-03-26,6:00 PM,8:00 PM,Carolina Hurricanes,7,St Louis Blues,2,Regulation
2022-03-26,6:00 PM,8:00 PM,Columbus Blue Jackets,2,Minnesota Wild,3,OT
2022-03-26,8:00 PM,10:00 PM,Edmonton Oilers,5,Calgary Flames,9,Regulation
2022-03-26,8:30 PM,10:30 PM,Seattle Kraken,2,Los Angeles Kings,4,Regulation
2022-03-26,8:30 PM,10:30 PM,Anaheim Ducks,1,San Jose Sharks,4,Regulation
2022-03-27,12:00 PM,2:00 PM,Tampa Bay Lightning,4,New York Islanders,1,Regulation
2022-03-27,3:00 PM,5:00 PM,Buffalo Sabres,4,New York Rangers,5,OT
2022-03-27,3:00 PM,5:00 PM,Detroit Red Wings,2,Pittsburgh Penguins,11,Regulation
2022-03-27,4:00 PM,6:00 PM,Philadelphia Flyers,4,Nashville Predators,5,Regulation
2022-03-27,4:00 PM,6:00 PM,Colorado Avalanche,2,Minnesota Wild,3,OT
2022-03-27,5:00 PM,7:00 PM,Florida Panthers,2,Toronto Maple Leafs,5,Regulation
2022-03-27,5:00 PM,7:00 PM,Montreal Canadiens,2,New Jersey Devils,3,SO
2022-03-27,5:00 PM,7:00 PM,Arizona Coyotes,1,Winnipeg Jets,2,OT
2022-03-28,5:00 PM,7:00 PM,Carolina Hurricanes,6,Washington Capitals,1,Regulation
2022-03-28,5:30 PM,7:30 PM,Vancouver Canucks,1,St Louis Blues,4,Regulation
2022-03-28,6:30 PM,8:30 PM,Buffalo Sabres,6,Chicago Blackhawks,5,Regulation
2022-03-28,7:30 PM,9:30 PM,Arizona Coyotes,1,Edmonton Oilers,6,Regulation
2022-03-28,8:30 PM,10:30 PM,Seattle Kraken,6,Los Angeles Kings,1,Regulation
2022-03-29,5:00 PM,7:00 PM,Toronto Maple Leafs,6,Boston Bruins,4,Regulation
2022-03-29,5:00 PM,7:00 PM,Carolina Hurricanes,3,Tampa Bay Lightning,4,OT
2022-03-29,5:00 PM,7:00 PM,Montreal Canadiens,4,Florida Panthers,7,Regulation
2022-03-29,5:00 PM,7:00 PM,New York Rangers,3,Pittsburgh Penguins,2,Regulation
2022-03-29,5:00 PM,7:00 PM,New York Islanders,4,Columbus Blue Jackets,3,Regulation
2022-03-29,6:00 PM,8:00 PM,Ottawa Senators,1,Nashville Predators,4,Regulation
2022-03-29,6:00 PM,8:00 PM,Philadelphia Flyers,1,Minnesota Wild,4,Regulation
2022-03-29,7:00 PM,9:00 PM,Colorado Avalanche,2,Calgary Flames,1,Regulation
2022-03-29,8:00 PM,10:00 PM,Dallas Stars,3,Anaheim Ducks,2,Regulation
2022-03-30,5:00 PM,7:00 PM,Winnipeg Jets,3,Buffalo Sabres,2,SO
2022-03-30,5:30 PM,7:30 PM,New York Rangers,5,Detroit Red Wings,4,OT
2022-03-30,7:30 PM,9:30 PM,Los Angeles Kings,3,Edmonton Oilers,4,SO
2022-03-30,8:00 PM,10:00 PM,St Louis Blues,4,Vancouver Canucks,3,Regulation
2022-03-30,8:00 PM,10:00 PM,San Jose Sharks,2,Arizona Coyotes,5,Regulation
2022-03-30,8:00 PM,10:00 PM,Vegas Golden Knights,3,Seattle Kraken,0,Regulation
2022-03-31,5:00 PM,7:00 PM,New Jersey Devils,1,Boston Bruins,8,Regulation
2022-03-31,5:00 PM,7:00 PM,Winnipeg Jets,3,Toronto Maple Leafs,7,Regulation
2022-03-31,5:00 PM,7:00 PM,Chicago Blackhawks,0,Florida Panthers,4,Regulation
2022-03-31,5:00 PM,7:00 PM,Columbus Blue Jackets,2,New York Islanders,5,Regulation
2022-03-31,5:00 PM,7:00 PM,Montreal Canadiens,0,Carolina Hurricanes,4,Regulation
2022-03-31,6:00 PM,8:00 PM,Pittsburgh Penguins,4,Minnesota Wild,3,OT
2022-03-31,7:00 PM,9:00 PM,San Jose Sharks,2,Colorado Avalanche,4,Regulation
2022-03-31,7:00 PM,9:00 PM,Los Angeles Kings,3,Calgary Flames,2,SO
2022-03-31,8:00 PM,10:00 PM,Dallas Stars,3,Anaheim Ducks,2,OT
2022-04-01,5:00 PM,7:00 PM,Nashville Predators,3,Buffalo Sabres,4,Regulation
2022-04-01,5:00 PM,7:00 PM,Chicago Blackhawks,2,Tampa Bay Lightning,5,Regulation
2022-04-01,5:00 PM,7:00 PM,New York Islanders,3,New York Rangers,0,Regulation
2022-04-01,5:30 PM,7:30 PM,Ottawa Senators,5,Detroit Red Wings,2,Regulation
2022-04-01,7:00 PM,9:00 PM,St Louis Blues,5,Edmonton Oilers,6,OT
2022-04-01,8:00 PM,10:00 PM,Vegas Golden Knights,5,Seattle Kraken,2,Regulation
2022-04-01,8:30 PM,10:30 PM,Anaheim Ducks,5,Arizona Coyotes,0,Regulation
2022-04-02,10:30 AM,12:30 PM,Florida Panthers,7,New Jersey Devils,6,OT
2022-04-02,1:00 PM,3:00 PM,Pittsburgh Penguins,2,Colorado Avalanche,3,Regulation
2022-04-02,5:00 PM,7:00 PM,Columbus Blue Jackets,2,Boston Bruins,5,Regulation
2022-04-02,5:00 PM,7:00 PM,Montreal Canadiens,5,Tampa Bay Lightning,4,SO
2022-04-02,5:00 PM,7:00 PM,Toronto Maple Leafs,6,Philadelphia Flyers,3,Regulation
2022-04-02,5:00 PM,7:00 PM,Minnesota Wild,3,Carolina Hurricanes,1,Regulation
2022-04-02,5:00 PM,7:00 PM,Los Angeles Kings,3,Winnipeg Jets,2,Regulation
2022-04-02,8:00 PM,10:00 PM,St Louis Blues,6,Calgary Flames,4,Regulation
2022-04-02,8:30 PM,10:30 PM,Dallas Stars,5,San Jose Sharks,4,Regulation
2022-04-03,11:00 AM,1:00 PM,Florida Panthers,5,Buffalo Sabres,3,Regulation
2022-04-03,11:00 AM,1:00 PM,Detroit Red Wings,2,Ottawa Senators,5,Regulation
2022-04-03,2:00 PM,4:00 PM,New York Islanders,4,New Jersey Devils,3,Regulation
2022-04-03,5:00 PM,7:00 PM,Philadelphia Flyers,4,New York Rangers,3,SO
2022-04-03,5:00 PM,7:00 PM,Minnesota Wild,5,Washington Capitals,1,Regulation
2022-04-03,5:00 PM,7:00 PM,Arizona Coyotes,3,Chicago Blackhawks,2,OT
2022-04-03,5:00 PM,7:00 PM,Vegas Golden Knights,3,Vancouver Canucks,2,OT
2022-04-03,6:00 PM,8:00 PM,Edmonton Oilers,6,Anaheim Ducks,1,Regulation
2022-04-03,7:00 PM,9:00 PM,Dallas Stars,1,Seattle Kraken,4,Regulation
2022-04-04,5:00 PM,7:00 PM,Boston Bruins,3,Columbus Blue Jackets,2,OT
2022-04-04,5:30 PM,7:30 PM,Toronto Maple Leafs,6,Tampa Bay Lightning,2,Regulation
2022-04-04,6:00 PM,8:00 PM,Arizona Coyotes,1,St Louis Blues,5,Regulation
2022-04-04,8:30 PM,10:30 PM,Calgary Flames,3,Los Angeles Kings,2,Regulation
2022-04-05,5:00 PM,7:00 PM,Carolina Hurricanes,2,Buffalo Sabres,4,Regulation
2022-04-05,5:00 PM,7:00 PM,Ottawa Senators,6,Montreal Canadiens,3,Regulation
2022-04-05,5:00 PM,7:00 PM,Toronto Maple Leafs,6,Florida Panthers,7,OT
2022-04-05,5:00 PM,7:00 PM,New York Rangers,3,New Jersey Devils,1,Regulation
2022-04-05,5:00 PM,7:00 PM,Columbus Blue Jackets,4,Philadelphia Flyers,2,Regulation
2022-04-05,5:00 PM,7:00 PM,Colorado Avalanche,6,Pittsburgh Penguins,4,Regulation
2022-04-05,5:30 PM,7:30 PM,Boston Bruins,3,Detroit Red Wings,5,Regulation
2022-04-05,6:00 PM,8:00 PM,Minnesota Wild,2,Nashville Predators,6,Regulation
2022-04-05,6:30 PM,8:30 PM,New York Islanders,2,Dallas Stars,3,Regulation
2022-04-05,8:30 PM,10:30 PM,Edmonton Oilers,2,San Jose Sharks,1,OT
2022-04-06,5:30 PM,7:30 PM,Tampa Bay Lightning,3,Washington Capitals,4,Regulation
2022-04-06,5:30 PM,7:30 PM,Detroit Red Wings,3,Winnipeg Jets,1,Regulation
2022-04-06,6:00 PM,8:00 PM,Seattle Kraken,1,St Louis Blues,4,Regulation
2022-04-06,8:00 PM,10:00 PM,Vancouver Canucks,5,Vegas Golden Knights,1,Regulation
2022-04-06,8:00 PM,10:00 PM,Calgary Flames,4,Anaheim Ducks,2,Regulation
2022-04-07,5:00 PM,7:00 PM,Nashville Predators,3,Ottawa Senators,2,Regulation
2022-04-07,5:00 PM,7:00 PM,Montreal Canadiens,7,New Jersey Devils,4,Regulation
2022-04-07,5:00 PM,7:00 PM,Pittsburgh Penguins,0,New York Rangers,3,Regulation
2022-04-07,5:00 PM,7:00 PM,Philadelphia Flyers,4,Columbus Blue Jackets,1,Regulation
2022-04-07,5:30 PM,7:30 PM,Buffalo Sabres,3,Carolina Hurricanes,5,Regulation
2022-04-07,6:30 PM,8:30 PM,Seattle Kraken,2,Chicago Blackhawks,0,Regulation
2022-04-07,6:30 PM,8:30 PM,Toronto Maple Leafs,4,Dallas Stars,3,OT
2022-04-07,8:00 PM,10:00 PM,Vancouver Canucks,5,Arizona Coyotes,1,Regulation
2022-04-07,8:30 PM,10:30 PM,Edmonton Oilers,3,Los Angeles Kings,2,Regulation
2022-04-07,8:30 PM,10:30 PM,Calgary Flames,4,San Jose Sharks,2,Regulation
2022-04-08,5:00 PM,7:00 PM,Boston Bruins,2,Tampa Bay Lightning,1,OT
2022-04-08,5:00 PM,7:00 PM,Buffalo Sabres,3,Florida Panthers,4,Regulation
2022-04-08,5:00 PM,7:00 PM,New York Islanders,2,Carolina Hurricanes,1,Regulation
2022-04-08,6:00 PM,8:00 PM,Minnesota Wild,3,St Louis Blues,4,OT
2022-04-08,6:00 PM,8:00 PM,Colorado Avalanche,5,Winnipeg Jets,4,OT
2022-04-09,12:00 PM,2:00 PM,New Jersey Devils,3,Dallas Stars,1,Regulation
2022-04-09,1:00 PM,3:00 PM,Washington Capitals,6,Pittsburgh Penguins,3,Regulation
2022-04-09,4:00 PM,6:00 PM,Florida Panthers,4,Nashville Predators,1,Regulation
2022-04-09,5:00 PM,7:00 PM,Montreal Canadiens,2,Toronto Maple Leafs,3,Regulation
2022-04-09,5:00 PM,7:00 PM,Columbus Blue Jackets,5,Detroit Red Wings,4,OT
2022-04-09,5:00 PM,7:00 PM,Ottawa Senators,1,New York Rangers,5,Regulation
2022-04-09,5:00 PM,7:00 PM,Calgary Flames,4,Seattle Kraken,1,Regulation
2022-04-09,5:30 PM,7:30 PM,Anaheim Ducks,5,Philadelphia Flyers,3,Regulation
2022-04-09,6:00 PM,8:00 PM,New York Islanders,1,St Louis Blues,6,Regulation
2022-04-09,8:00 PM,10:00 PM,Colorado Avalanche,2,Edmonton Oilers,1,SO
2022-04-09,8:00 PM,10:00 PM,San Jose Sharks,2,Vancouver Canucks,4,Regulation
2022-04-09,8:00 PM,10:00 PM,Arizona Coyotes,1,Vegas Golden Knights,6,Regulation
2022-04-10,11:30 AM,1:30 PM,Boston Bruins,2,Washington Capitals,4,Regulation
2022-04-10,2:00 PM,4:00 PM,Nashville Predators,2,Pittsburgh Penguins,3,OT
2022-04-10,3:00 PM,5:00 PM,Los Angeles Kings,3,Minnesota Wild,6,Regulation
2022-04-10,3:00 PM,5:00 PM,Buffalo Sabres,0,Tampa Bay Lightning,5,Regulation
2022-04-10,4:00 PM,6:00 PM,Anaheim Ducks,2,Carolina Hurricanes,5,Regulation
2022-04-10,5:00 PM,7:00 PM,Dallas Stars,6,Chicago Blackhawks,4,Regulation
2022-04-10,5:30 PM,7:30 PM,Winnipeg Jets,4,Ottawa Senators,3,Regulation