Date,Away,AwayG,Home,HomeG
2019-10-02,Vancouver Canucks,2,Edmonton Oilers,3
2019-10-02,Washington Capitals,3,St Louis Blues,2
2019-10-02,Ottawa Senators,3,Toronto Maple Leafs,5
2019-10-02,San Jose Sharks,1,Vegas Golden Knights,4
2019-10-03,Arizona Coyotes,1,Anaheim Ducks,2
2019-10-03,Montreal Canadiens,3,Carolina Hurricanes,4
2019-10-03,Calgary Flames,3,Colorado Avalanche,5
2019-10-03,Boston Bruins,2,Dallas Stars,1
2019-10-03,Minnesota Wild,2,Nashville Predators,5
2019-10-03,Winnipeg Jets,4,New York Rangers,6
2019-10-03,Buffalo Sabres,3,Pittsburgh Penguins,1
2019-10-03,Florida Panthers,2,Tampa Bay Lightning,5
2019-10-04,Toronto Maple Leafs,4,Columbus Blue Jackets,1
2019-10-04,Winnipeg Jets,5,New Jersey Devils,4
2019-10-04,Washington Capitals,2,New York Islanders,1
2019-10-04,Chicago Blackhawks,3,Philadelphia Flyers,4
2019-10-04,Vegas Golden Knights,5,San Jose Sharks,1
2019-10-05,San Jose Sharks,1,Anaheim Ducks,3
2019-10-05,Boston Bruins,1,Arizona Coyotes,0
2019-10-05,New Jersey Devils,2,Buffalo Sabres,7
2019-10-05,Vancouver Canucks,0,Calgary Flames,3
2019-10-05,Minnesota Wild,2,Colorado Avalanche,4
2019-10-05,Los Angeles Kings,5,Edmonton Oilers,6
2019-10-05,Tampa Bay Lightning,3,Florida Panthers,4
2019-10-05,Detroit Red Wings,5,Nashville Predators,3
2019-10-05,New York Rangers,4,Ottawa Senators,1
2019-10-05,Columbus Blue Jackets,2,Pittsburgh Penguins,7
2019-10-05,Dallas Stars,2,St Louis Blues,3
2019-10-05,Montreal Canadiens,6,Toronto Maple Leafs,5
2019-10-05,Carolina Hurricanes,3,Washington Capitals,2
2019-10-06,Tampa Bay Lightning,3,Carolina Hurricanes,4
2019-10-06,Dallas Stars,3,Detroit Red Wings,4
2019-10-06,Winnipeg Jets,1,New York Islanders,4
2019-10-07,Buffalo Sabres,3,Columbus Blue Jackets,4
2019-10-07,St Louis Blues,3,Toronto Maple Leafs,2
2019-10-08,Los Angeles Kings,4,Calgary Flames,3
2019-10-08,Anaheim Ducks,3,Detroit Red Wings,1
2019-10-08,Carolina Hurricanes,6,Florida Panthers,3
2019-10-08,San Jose Sharks,2,Nashville Predators,5
2019-10-08,Edmonton Oilers,5,New York Islanders,2
2019-10-08,Winnipeg Jets,4,Pittsburgh Penguins,1
2019-10-08,Boston Bruins,4,Vegas Golden Knights,3
2019-10-08,Dallas Stars,4,Washington Capitals,3
2019-10-09,Montreal Canadiens,4,Buffalo Sabres,5
2019-10-09,New Jersey Devils,0,Philadelphia Flyers,4
2019-10-09,Los Angeles Kings,2,Vancouver Canucks,8
2019-10-10,Vegas Golden Knights,1,Arizona Coyotes,4
2019-10-10,San Jose Sharks,5,Chicago Blackhawks,4
2019-10-10,Boston Bruins,2,Colorado Avalanche,4
2019-10-10,Calgary Flames,3,Dallas Stars,2
2019-10-10,Detroit Red Wings,4,Montreal Canadiens,2
2019-10-10,Edmonton Oilers,4,New Jersey Devils,3
2019-10-10,Washington Capitals,5,Nashville Predators,6
2019-10-10,St Louis Blues,6,Ottawa Senators,4
2019-10-10,Anaheim Ducks,1,Pittsburgh Penguins,2
2019-10-10,Tampa Bay Lightning,7,Toronto Maple Leafs,3
2019-10-10,Minnesota Wild,2,Winnipeg Jets,5
2019-10-11,Florida Panthers,2,Buffalo Sabres,3
2019-10-11,New York Islanders,2,Carolina Hurricanes,5
2019-10-11,Anaheim Ducks,2,Columbus Blue Jackets,1
2019-10-12,New Jersey Devils,0,Boston Bruins,3
2019-10-12,Columbus Blue Jackets,3,Carolina Hurricanes,2
2019-10-12,Winnipeg Jets,3,Chicago Blackhawks,2
2019-10-12,Arizona Coyotes,2,Colorado Avalanche,3
2019-10-12,Washington Capitals,4,Dallas Stars,1
2019-10-12,Toronto Maple Leafs,5,Detroit Red Wings,2
2019-10-12,Nashville Predators,4,Los Angeles Kings,7
2019-10-12,Pittsburgh Penguins,7,Minnesota Wild,4
2019-10-12,St Louis Blues,3,Montreal Canadiens,6
2019-10-12,Florida Panthers,2,New York Islanders,3
2019-10-12,Edmonton Oilers,4,New York Rangers,1
2019-10-12,Tampa Bay Lightning,2,Ottawa Senators,4
2019-10-12,Philadelphia Flyers,2,Vancouver Canucks,3
2019-10-12,Calgary Flames,2,Vegas Golden Knights,6
2019-10-13,Vegas Golden Knights,5,Los Angeles Kings,2
2019-10-13,Calgary Flames,1,San Jose Sharks,3
2019-10-13,Pittsburgh Penguins,7,Winnipeg Jets,2
2019-10-14,Anaheim Ducks,2,Boston Bruins,4
2019-10-14,Dallas Stars,0,Buffalo Sabres,4
2019-10-14,Edmonton Oilers,1,Chicago Blackhawks,3
2019-10-14,Florida Panthers,6,New Jersey Devils,4
2019-10-14,St Louis Blues,2,New York Islanders,3
2019-10-14,Minnesota Wild,2,Ottawa Senators,0
2019-10-14,Colorado Avalanche,6,Washington Capitals,3
2019-10-15,Philadelphia Flyers,1,Calgary Flames,3
2019-10-15,Carolina Hurricanes,2,Los Angeles Kings,0
2019-10-15,Tampa Bay Lightning,3,Montreal Canadiens,1
2019-10-15,Minnesota Wild,2,Toronto Maple Leafs,4
2019-10-15,Detroit Red Wings,1,Vancouver Canucks,5
2019-10-15,Nashville Predators,5,Vegas Golden Knights,2
2019-10-15,Arizona Coyotes,4,Winnipeg Jets,2
2019-10-16,Buffalo Sabres,2,Anaheim Ducks,5
2019-10-16,Dallas Stars,2,Columbus Blue Jackets,3
2019-10-16,Philadelphia Flyers,3,Edmonton Oilers,6
2019-10-16,Colorado Avalanche,2,Pittsburgh Penguins,3
2019-10-16,Carolina Hurricanes,2,San Jose Sharks,5
2019-10-16,Toronto Maple Leafs,3,Washington Capitals,4
2019-10-17,Nashville Predators,2,Arizona Coyotes,5
2019-10-17,Tampa Bay Lightning,4,Boston Bruins,3
2019-10-17,Detroit Red Wings,1,Calgary Flames,5
2019-10-17,Buffalo Sabres,3,Los Angeles Kings,0
2019-10-17,Minnesota Wild,0,Montreal Canadiens,4
2019-10-17,New York Rangers,2,New Jersey Devils,5
2019-10-17,Vancouver Canucks,4,St Louis Blues,3
2019-10-17,Ottawa Senators,2,Vegas Golden Knights,3
2019-10-17,New York Islanders,3,Winnipeg Jets,1
2019-10-18,Carolina Hurricanes,2,Anaheim Ducks,4
2019-10-18,Columbus Blue Jackets,2,Chicago Blackhawks,3
2019-10-18,Detroit Red Wings,1,Edmonton Oilers,2
2019-10-18,Colorado Avalanche,5,Florida Panthers,4
2019-10-18,Dallas Stars,2,Pittsburgh Penguins,4
2019-10-18,New York Rangers,2,Washington Capitals,5
2019-10-19,Ottawa Senators,2,Arizona Coyotes,5
2019-10-19,New York Islanders,3,Columbus Blue Jackets,2
2019-10-19,Calgary Flames,1,Los Angeles Kings,4
2019-10-19,Vancouver Canucks,0,New Jersey Devils,1
2019-10-19,Florida Panthers,3,Nashville Predators,2
2019-10-19,Dallas Stars,4,Philadelphia Flyers,1
2019-10-19,Vegas Golden Knights,3,Pittsburgh Penguins,0
2019-10-19,Buffalo Sabres,4,San Jose Sharks,3
2019-10-19,Montreal Canadiens,5,St Louis Blues,2
2019-10-19,Colorado Avalanche,6,Tampa Bay Lightning,2
2019-10-19,Boston Bruins,3,Toronto Maple Leafs,4
2019-10-20,Calgary Flames,2,Anaheim Ducks,1
2019-10-20,Washington Capitals,5,Chicago Blackhawks,3
2019-10-20,Montreal Canadiens,3,Minnesota Wild,4
2019-10-20,Vancouver Canucks,3,New York Rangers,2
2019-10-20,Edmonton Oilers,0,Winnipeg Jets,1
2019-10-21,Ottawa Senators,1,Dallas Stars,2
2019-10-21,Vegas Golden Knights,2,Philadelphia Flyers,6
2019-10-21,Colorado Avalanche,1,St Louis Blues,3
2019-10-21,Columbus Blue Jackets,4,Toronto Maple Leafs,3
2019-10-22,Toronto Maple Leafs,2,Boston Bruins,4
2019-10-22,San Jose Sharks,3,Buffalo Sabres,4
2019-10-22,Washington Capitals,5,Calgary Flames,3
2019-10-22,Vegas Golden Knights,2,Chicago Blackhawks,1
2019-10-22,Vancouver Canucks,5,Detroit Red Wings,2
2019-10-22,Pittsburgh Penguins,2,Florida Panthers,4
2019-10-22,Edmonton Oilers,0,Minnesota Wild,3
2019-10-22,Anaheim Ducks,1,Nashville Predators,6
2019-10-22,Arizona Coyotes,3,New York Rangers,2
2019-10-22,Los Angeles Kings,3,Winnipeg Jets,2
2019-10-23,Detroit Red Wings,2,Ottawa Senators,5
2019-10-23,Pittsburgh Penguins,2,Tampa Bay Lightning,3
2019-10-24,Carolina Hurricanes,3,Columbus Blue Jackets,4
2019-10-24,Florida Panthers,5,Calgary Flames,6
2019-10-24,Philadelphia Flyers,4,Chicago Blackhawks,1
2019-10-24,Anaheim Ducks,1,Dallas Stars,2
2019-10-24,Washington Capitals,3,Edmonton Oilers,4
2019-10-24,San Jose Sharks,4,Montreal Canadiens,2
2019-10-24,Minnesota Wild,0,Nashville Predators,4
2019-10-24,Arizona Coyotes,2,New York Islanders,4
2019-10-24,Buffalo Sabres,2,New York Rangers,6
2019-10-24,Los Angeles Kings,2,St Louis Blues,5
2019-10-25,Buffalo Sabres,2,Detroit Red Wings,0
2019-10-25,Arizona Coyotes,5,New Jersey Devils,3
2019-10-25,New York Islanders,4,Ottawa Senators,2
2019-10-25,San Jose Sharks,1,Toronto Maple Leafs,4
2019-10-25,Washington Capitals,6,Vancouver Canucks,5
2019-10-25,Colorado Avalanche,6,Vegas Golden Knights,1
2019-10-26,St Louis Blues,0,Boston Bruins,3
2019-10-26,Chicago Blackhawks,0,Carolina Hurricanes,4
2019-10-26,Anaheim Ducks,5,Colorado Avalanche,2
2019-10-26,Pittsburgh Penguins,3,Dallas Stars,0
2019-10-26,Los Angeles Kings,1,Minnesota Wild,5
2019-10-26,Toronto Maple Leafs,2,Montreal Canadiens,5
2019-10-26,Columbus Blue Jackets,4,Philadelphia Flyers,7
2019-10-26,Nashville Predators,3,Tampa Bay Lightning,2
2019-10-26,Calgary Flames,1,Winnipeg Jets,2
2019-10-27,Los Angeles Kings,1,Chicago Blackhawks,5
2019-10-27,St Louis Blues,5,Detroit Red Wings,4
2019-10-27,Florida Panthers,6,Edmonton Oilers,2
2019-10-27,Philadelphia Flyers,3,New York Islanders,5
2019-10-27,Boston Bruins,7,New York Rangers,4
2019-10-27,San Jose Sharks,2,Ottawa Senators,5
2019-10-27,Anaheim Ducks,2,Vegas Golden Knights,5
2019-10-28,Arizona Coyotes,3,Buffalo Sabres,2
2019-10-28,Florida Panthers,2,Vancouver Canucks,7
2019-10-29,Winnipeg Jets,4,Anaheim Ducks,7
2019-10-29,San Jose Sharks,1,Boston Bruins,5
2019-10-29,Calgary Flames,1,Carolina Hurricanes,2
2019-10-29,Minnesota Wild,3,Dallas Stars,6
2019-10-29,Edmonton Oilers,1,Detroit Red Wings,3
2019-10-29,Chicago Blackhawks,0,Nashville Predators,3
2019-10-29,Tampa Bay Lightning,1,New York Rangers,4
2019-10-29,Philadelphia Flyers,1,Pittsburgh Penguins,7
2019-10-29,Washington Capitals,4,Toronto Maple Leafs,3
2019-10-30,Montreal Canadiens,4,Arizona Coyotes,1
2019-10-30,Edmonton Oilers,4,Columbus Blue Jackets,1
2019-10-30,Florida Panthers,4,Colorado Avalanche,3
2019-10-30,Vancouver Canucks,5,Los Angeles Kings,3
2019-10-30,Tampa Bay Lightning,7,New Jersey Devils,6
2019-10-30,Minnesota Wild,1,St Louis Blues,2
2019-10-31,Calgary Flames,6,Nashville Predators,5
2019-10-31,Montreal Canadiens,5,Vegas Golden Knights,4
2019-11-01,Vancouver Canucks,1,Anaheim Ducks,2
2019-11-01,Detroit Red Wings,3,Carolina Hurricanes,7
2019-11-01,Dallas Stars,2,Colorado Avalanche,1
2019-11-01,Philadelphia Flyers,4,New Jersey Devils,3
2019-11-01,Tampa Bay Lightning,2,New York Islanders,5
2019-11-01,Winnipeg Jets,3,San Jose Sharks,2
2019-11-01,Columbus Blue Jackets,3,St Louis Blues,4
2019-11-01,Buffalo Sabres,1,Washington Capitals,6
2019-11-02,Colorado Avalanche,0,Arizona Coyotes,3
2019-11-02,Ottawa Senators,2,Boston Bruins,5
2019-11-02,New York Islanders,1,Buffalo Sabres,0
2019-11-02,New Jersey Devils,5,Carolina Hurricanes,3
2019-11-02,Calgary Flames,3,Columbus Blue Jackets,0
2019-11-02,Montreal Canadiens,1,Dallas Stars,4
2019-11-02,Detroit Red Wings,0,Florida Panthers,4
2019-11-02,Chicago Blackhawks,3,Los Angeles Kings,4
2019-11-02,St Louis Blues,4,Minnesota Wild,3
2019-11-02,New York Rangers,2,Nashville Predators,1
2019-11-02,Toronto Maple Leafs,4,Philadelphia Flyers,3
2019-11-02,Edmonton Oilers,2,Pittsburgh Penguins,1
2019-11-02,Vancouver Canucks,5,San Jose Sharks,2
2019-11-02,Winnipeg Jets,4,Vegas Golden Knights,3
2019-11-03,Chicago Blackhawks,3,Anaheim Ducks,2
2019-11-03,Calgary Flames,2,Washington Capitals,4
2019-11-04,Pittsburgh Penguins,4,Boston Bruins,6
2019-11-04,Nashville Predators,6,Detroit Red Wings,1
2019-11-04,Arizona Coyotes,3,Edmonton Oilers,2
2019-11-04,Ottawa Senators,6,New York Rangers,2
2019-11-05,Minnesota Wild,4,Anaheim Ducks,2
2019-11-05,Vegas Golden Knights,2,Columbus Blue Jackets,1
2019-11-05,Arizona Coyotes,3,Calgary Flames,4
2019-11-05,Colorado Avalanche,1,Dallas Stars,4
2019-11-05,Boston Bruins,4,Montreal Canadiens,5
2019-11-05,Ottawa Senators,1,New York Islanders,4
2019-11-05,Carolina Hurricanes,1,Philadelphia Flyers,4
2019-11-05,Chicago Blackhawks,2,San Jose Sharks,4
2019-11-05,Los Angeles Kings,1,Toronto Maple Leafs,3
2019-11-05,St Louis Blues,2,Vancouver Canucks,1
2019-11-05,New Jersey Devils,2,Winnipeg Jets,1
2019-11-06,St Louis Blues,5,Edmonton Oilers,2
2019-11-06,Detroit Red Wings,1,New York Rangers,5
2019-11-07,Columbus Blue Jackets,3,Arizona Coyotes,2
2019-11-07,New York Rangers,4,Carolina Hurricanes,2
2019-11-07,New Jersey Devils,2,Calgary Flames,5
2019-11-07,Vancouver Canucks,2,Chicago Blackhawks,5
2019-11-07,Nashville Predators,4,Colorado Avalanche,9
2019-11-07,Washington Capitals,5,Florida Panthers,4
2019-11-07,Pittsburgh Penguins,4,New York Islanders,3
2019-11-07,Los Angeles Kings,2,Ottawa Senators,3
2019-11-07,Montreal Canadiens,2,Philadelphia Flyers,3
2019-11-07,Minnesota Wild,5,San Jose Sharks,6
2019-11-07,Vegas Golden Knights,1,Toronto Maple Leafs,2
2019-11-08,Tampa Bay Lightning,3,Buffalo Sabres,2
2019-11-08,Boston Bruins,2,Detroit Red Wings,4
2019-11-08,New Jersey Devils,0,Edmonton Oilers,4
2019-11-08,Vancouver Canucks,1,Winnipeg Jets,4
2019-11-09,Minnesota Wild,4,Arizona Coyotes,3
2019-11-09,St Louis Blues,3,Calgary Flames,2
2019-11-09,Columbus Blue Jackets,2,Colorado Avalanche,4
2019-11-09,Los Angeles Kings,2,Montreal Canadiens,3
2019-11-09,Florida Panthers,1,New York Islanders,2
2019-11-09,Carolina Hurricanes,1,Ottawa Senators,4
2019-11-09,Chicago Blackhawks,2,Pittsburgh Penguins,3
2019-11-09,Nashville Predators,1,San Jose Sharks,2
2019-11-09,Buffalo Sabres,3,Tampa Bay Lightning,5
2019-11-09,Philadelphia Flyers,3,Toronto Maple Leafs,2
2019-11-09,Vegas Golden Knights,2,Washington Capitals,5
2019-11-10,Edmonton Oilers,6,Anaheim Ducks,2
2019-11-10,Philadelphia Flyers,3,Boston Bruins,2
2019-11-10,Toronto Maple Leafs,4,Chicago Blackhawks,5
2019-11-10,Vegas Golden Knights,2,Detroit Red Wings,3
2019-11-10,Florida Panthers,6,New York Rangers,5
2019-11-10,New Jersey Devils,2,Vancouver Canucks,1
2019-11-10,Dallas Stars,2,Winnipeg Jets,3
2019-11-11,Ottawa Senators,2,Carolina Hurricanes,8
2019-11-11,Arizona Coyotes,4,Washington Capitals,3
2019-11-12,Detroit Red Wings,4,Anaheim Ducks,3
2019-11-12,Florida Panthers,5,Boston Bruins,4
2019-11-12,Minnesota Wild,1,Los Angeles Kings,3
2019-11-12,Columbus Blue Jackets,2,Montreal Canadiens,3
2019-11-12,Pittsburgh Penguins,2,New York Rangers,3
2019-11-12,Edmonton Oilers,3,San Jose Sharks,6
2019-11-12,Arizona Coyotes,3,St Louis Blues,2
2019-11-12,Nashville Predators,3,Vancouver Canucks,5
2019-11-12,Colorado Avalanche,4,Winnipeg Jets,0
2019-11-13,Dallas Stars,3,Calgary Flames,1
2019-11-13,Ottawa Senators,4,New Jersey Devils,2
2019-11-13,Toronto Maple Leafs,4,New York Islanders,5
2019-11-13,Washington Capitals,2,Philadelphia Flyers,1
2019-11-13,Chicago Blackhawks,5,Vegas Golden Knights,3
2019-11-14,San Jose Sharks,5,Anaheim Ducks,3
2019-11-14,Carolina Hurricanes,5,Buffalo Sabres,4
2019-11-14,Colorado Avalanche,2,Edmonton Oilers,6
2019-11-14,Winnipeg Jets,4,Florida Panthers,3
2019-11-14,Detroit Red Wings,2,Los Angeles Kings,3
2019-11-14,Arizona Coyotes,2,Minnesota Wild,3
2019-11-14,New York Rangers,3,Tampa Bay Lightning,9
2019-11-14,Dallas Stars,4,Vancouver Canucks,2
2019-11-15,St Louis Blues,2,Columbus Blue Jackets,3
2019-11-15,Pittsburgh Penguins,1,New Jersey Devils,2
2019-11-15,Philadelphia Flyers,1,Ottawa Senators,2
2019-11-15,Boston Bruins,4,Toronto Maple Leafs,2
2019-11-15,Montreal Canadiens,5,Washington Capitals,2
2019-11-16,Calgary Flames,0,Arizona Coyotes,3
2019-11-16,Washington Capitals,3,Boston Bruins,2
2019-11-16,Ottawa Senators,2,Buffalo Sabres,4
2019-11-16,Dallas Stars,5,Edmonton Oilers,4
2019-11-16,New York Rangers,3,Florida Panthers,4
2019-11-16,Vegas Golden Knights,3,Los Angeles Kings,4
2019-11-16,Carolina Hurricanes,4,Minnesota Wild,3
2019-11-16,New Jersey Devils,4,Montreal Canadiens,3
2019-11-16,Chicago Blackhawks,7,Nashville Predators,2
2019-11-16,New York Islanders,4,Philadelphia Flyers,3
2019-11-16,Toronto Maple Leafs,1,Pittsburgh Penguins,6
2019-11-16,Detroit Red Wings,3,San Jose Sharks,4
2019-11-16,Anaheim Ducks,4,St Louis Blues,1
2019-11-16,Winnipeg Jets,4,Tampa Bay Lightning,3
2019-11-16,Colorado Avalanche,5,Vancouver Canucks,4
2019-11-17,Buffalo Sabres,1,Chicago Blackhawks,4
2019-11-17,Calgary Flames,0,Vegas Golden Knights,6
2019-11-18,Los Angeles Kings,0,Arizona Coyotes,3
2019-11-18,Anaheim Ducks,2,Washington Capitals,5
2019-11-19,Minnesota Wild,4,Buffalo Sabres,1
2019-11-19,Montreal Canadiens,2,Columbus Blue Jackets,5
2019-11-19,Colorado Avalanche,3,Calgary Flames,2
2019-11-19,Carolina Hurricanes,4,Chicago Blackhawks,2
2019-11-19,Vancouver Canucks,1,Dallas Stars,6
2019-11-19,Ottawa Senators,4,Detroit Red Wings,3
2019-11-19,Philadelphia Flyers,2,Florida Panthers,5
2019-11-19,Boston Bruins,5,New Jersey Devils,1
2019-11-19,Winnipeg Jets,2,Nashville Predators,1
2019-11-19,New York Islanders,5,Pittsburgh Penguins,4
2019-11-19,Edmonton Oilers,5,San Jose Sharks,2
2019-11-19,Tampa Bay Lightning,1,St Louis Blues,3
2019-11-19,Toronto Maple Leafs,2,Vegas Golden Knights,4
2019-11-20,Ottawa Senators,2,Montreal Canadiens,1
2019-11-20,Washington Capitals,1,New York Rangers,4
2019-11-21,Toronto Maple Leafs,3,Arizona Coyotes,1
2019-11-21,Buffalo Sabres,2,Boston Bruins,3
2019-11-21,Philadelphia Flyers,5,Carolina Hurricanes,3
2019-11-21,Detroit Red Wings,4,Columbus Blue Jackets,5
2019-11-21,Tampa Bay Lightning,4,Chicago Blackhawks,2
2019-11-21,Winnipeg Jets,3,Dallas Stars,5
2019-11-21,Anaheim Ducks,4,Florida Panthers,5
2019-11-21,Edmonton Oilers,1,Los Angeles Kings,5
2019-11-21,Colorado Avalanche,2,Minnesota Wild,3
2019-11-21,Vancouver Canucks,6,Nashville Predators,3
2019-11-21,Pittsburgh Penguins,3,New York Islanders,4
2019-11-21,Calgary Flames,0,St Louis Blues,5
2019-11-21,San Jose Sharks,2,Vegas Golden Knights,1
2019-11-22,New York Rangers,1,Ottawa Senators,4
2019-11-22,New Jersey Devils,1,Pittsburgh Penguins,4
2019-11-23,Minnesota Wild,4,Boston Bruins,5
2019-11-23,Florida Panthers,2,Carolina Hurricanes,4
2019-11-23,Toronto Maple Leafs,5,Colorado Avalanche,3
2019-11-23,Chicago Blackhawks,1,Dallas Stars,2
2019-11-23,Arizona Coyotes,3,Los Angeles Kings,2
2019-11-23,New York Rangers,6,Montreal Canadiens,5
2019-11-23,Detroit Red Wings,1,New Jersey Devils,5
2019-11-23,Calgary Flames,3,Philadelphia Flyers,2
2019-11-23,New York Islanders,1,San Jose Sharks,2
2019-11-23,Nashville Predators,4,St Louis Blues,2
2019-11-23,Anaheim Ducks,2,Tampa Bay Lightning,6
2019-11-23,Edmonton Oilers,4,Vegas Golden Knights,2
2019-11-23,Columbus Blue Jackets,3,Winnipeg Jets,4
2019-11-23,Vancouver Canucks,2,Washington Capitals,1
2019-11-24,Edmonton Oilers,4,Arizona Coyotes,3
2019-11-24,Carolina Hurricanes,2,Detroit Red Wings,0
2019-11-24,Buffalo Sabres,5,Florida Panthers,2
2019-11-25,New York Islanders,0,Anaheim Ducks,3
2019-11-25,Ottawa Senators,0,Columbus Blue Jackets,1
2019-11-25,Vegas Golden Knights,2,Dallas Stars,4
2019-11-25,San Jose Sharks,4,Los Angeles Kings,3
2019-11-25,St Louis Blues,2,Nashville Predators,3
2019-11-25,Minnesota Wild,2,New York Rangers,3
2019-11-25,Vancouver Canucks,1,Philadelphia Flyers,2
2019-11-25,Calgary Flames,2,Pittsburgh Penguins,3
2019-11-25,Buffalo Sabres,2,Tampa Bay Lightning,5
2019-11-26,Dallas Stars,0,Chicago Blackhawks,3
2019-11-26,Boston Bruins,8,Montreal Canadiens,1
2019-11-26,Minnesota Wild,3,New Jersey Devils,2
2019-11-27,Anaheim Ducks,3,Arizona Coyotes,4
2019-11-27,Calgary Flames,3,Buffalo Sabres,2
2019-11-27,Philadelphia Flyers,3,Columbus Blue Jackets,2
2019-11-27,Edmonton Oilers,1,Colorado Avalanche,4
2019-11-27,Toronto Maple Leafs,6,Detroit Red Wings,0
2019-11-27,New York Islanders,1,Los Angeles Kings,4
2019-11-27,Vegas Golden Knights,4,Nashville Predators,3
2019-11-27,Carolina Hurricanes,2,New York Rangers,3
2019-11-27,Boston Bruins,2,Ottawa Senators,1
2019-11-27,Vancouver Canucks,6,Pittsburgh Penguins,8
2019-11-27,Winnipeg Jets,5,San Jose Sharks,1
2019-11-27,St Louis Blues,4,Tampa Bay Lightning,3
2019-11-27,Florida Panthers,3,Washington Capitals,4
2019-11-28,New Jersey Devils,6,Montreal Canadiens,4
2019-11-29,Winnipeg Jets,3,Anaheim Ducks,0
2019-11-29,New York Rangers,2,Boston Bruins,3
2019-11-29,Toronto Maple Leafs,4,Buffalo Sabres,6
2019-11-29,Nashville Predators,3,Carolina Hurricanes,0
2019-11-29,Pittsburgh Penguins,2,Columbus Blue Jackets,5
2019-11-29,Colorado Avalanche,5,Chicago Blackhawks,2
2019-11-29,St Louis Blues,3,Dallas Stars,1
2019-11-29,Ottawa Senators,2,Minnesota Wild,7
2019-11-29,Detroit Red Wings,1,Philadelphia Flyers,6
2019-11-29,Los Angeles Kings,1,San Jose Sharks,4
2019-11-29,Arizona Coyotes,1,Vegas Golden Knights,2
2019-11-29,Tampa Bay Lightning,3,Washington Capitals,4
2019-11-30,San Jose Sharks,4,Arizona Coyotes,2
2019-11-30,Ottawa Senators,1,Calgary Flames,3
2019-11-30,Chicago Blackhawks,3,Colorado Avalanche,7
2019-11-30,Washington Capitals,5,Detroit Red Wings,2
2019-11-30,Vancouver Canucks,5,Edmonton Oilers,2
2019-11-30,Nashville Predators,0,Florida Panthers,3
2019-11-30,Winnipeg Jets,1,Los Angeles Kings,2
2019-11-30,Philadelphia Flyers,4,Montreal Canadiens,3
2019-11-30,New York Rangers,4,New Jersey Devils,0
2019-11-30,Columbus Blue Jackets,0,New York Islanders,2
2019-11-30,Pittsburgh Penguins,2,St Louis Blues,5
2019-11-30,Carolina Hurricanes,3,Tampa Bay Lightning,2
2019-11-30,Buffalo Sabres,1,Toronto Maple Leafs,2
2019-12-01,Montreal Canadiens,1,Boston Bruins,3
2019-12-01,Dallas Stars,2,Minnesota Wild,3
2019-12-01,Edmonton Oilers,3,Vancouver Canucks,2
2019-12-02,Los Angeles Kings,2,Anaheim Ducks,4
2019-12-02,New Jersey Devils,1,Buffalo Sabres,7
2019-12-02,St Louis Blues,4,Chicago Blackhawks,0
2019-12-02,New York Islanders,4,Detroit Red Wings,1
2019-12-02,Vegas Golden Knights,4,New York Rangers,1
2019-12-03,Carolina Hurricanes,0,Boston Bruins,2
2019-12-03,Arizona Coyotes,4,Columbus Blue Jackets,2
2019-12-03,Minnesota Wild,4,Florida Panthers,2
2019-12-03,New York Islanders,2,Montreal Canadiens,4
2019-12-03,Vegas Golden Knights,4,New Jersey Devils,3
2019-12-03,Tampa Bay Lightning,3,Nashville Predators,2
2019-12-03,Toronto Maple Leafs,1,Philadelphia Flyers,6
2019-12-03,Washington Capitals,5,San Jose Sharks,2
2019-12-03,Ottawa Senators,2,Vancouver Canucks,5
2019-12-03,Dallas Stars,1,Winnipeg Jets,5
2019-12-04,Ottawa Senators,5,Edmonton Oilers,2
2019-12-04,Washington Capitals,3,Los Angeles Kings,1
2019-12-04,St Louis Blues,0,Pittsburgh Penguins,3
2019-12-04,Colorado Avalanche,3,Toronto Maple Leafs,1
2019-12-05,Chicago Blackhawks,4,Boston Bruins,3
2019-12-05,San Jose Sharks,2,Carolina Hurricanes,3
2019-12-05,New York Rangers,3,Columbus Blue Jackets,2
2019-12-05,Buffalo Sabres,3,Calgary Flames,4
2019-12-05,Winnipeg Jets,2,Dallas Stars,3
2019-12-05,Colorado Avalanche,3,Montreal Canadiens,2
2019-12-05,Vegas Golden Knights,2,New York Islanders,3
2019-12-05,Arizona Coyotes,3,Philadelphia Flyers,1
2019-12-05,Minnesota Wild,5,Tampa Bay Lightning,4
2019-12-06,Washington Capitals,3,Anaheim Ducks,2
2019-12-06,Los Angeles Kings,1,Edmonton Oilers,2
2019-12-06,Chicago Blackhawks,2,New Jersey Devils,1
2019-12-06,Montreal Canadiens,2,New York Rangers,1
2019-12-06,Arizona Coyotes,0,Pittsburgh Penguins,2
2019-12-07,Colorado Avalanche,4,Boston Bruins,1
2019-12-07,Minnesota Wild,2,Carolina Hurricanes,6
2019-12-07,Los Angeles Kings,3,Calgary Flames,4
2019-12-07,New York Islanders,1,Dallas Stars,3
2019-12-07,Pittsburgh Penguins,5,Detroit Red Wings,3
2019-12-07,Columbus Blue Jackets,1,Florida Panthers,4
2019-12-07,New Jersey Devils,4,Nashville Predators,6
2019-12-07,Ottawa Senators,3,Philadelphia Flyers,4
2019-12-07,Toronto Maple Leafs,5,St Louis Blues,2
2019-12-07,San Jose Sharks,1,Tampa Bay Lightning,7
2019-12-07,Buffalo Sabres,5,Vancouver Canucks,6
2019-12-08,Arizona Coyotes,4,Chicago Blackhawks,3
2019-12-08,Buffalo Sabres,3,Edmonton Oilers,2
2019-12-08,San Jose Sharks,1,Florida Panthers,5
2019-12-08,New York Rangers,5,Vegas Golden Knights,0
2019-12-08,Anaheim Ducks,2,Winnipeg Jets,3
2019-12-09,Calgary Flames,5,Colorado Avalanche,4
2019-12-09,Boston Bruins,2,Ottawa Senators,5
2019-12-09,New York Islanders,5,Tampa Bay Lightning,1
2019-12-09,Columbus Blue Jackets,5,Washington Capitals,2
2019-12-10,Calgary Flames,5,Arizona Coyotes,2
2019-12-10,St Louis Blues,2,Buffalo Sabres,5
2019-12-10,New Jersey Devils,0,Dallas Stars,2
2019-12-10,Carolina Hurricanes,6,Edmonton Oilers,3
2019-12-10,Tampa Bay Lightning,2,Florida Panthers,1
2019-12-10,New York Rangers,1,Los Angeles Kings,3
2019-12-10,Anaheim Ducks,3,Minnesota Wild,2
2019-12-10,San Jose Sharks,1,Nashville Predators,3
2019-12-10,Montreal Canadiens,4,Pittsburgh Penguins,1
2019-12-10,Toronto Maple Leafs,4,Vancouver Canucks,1
2019-12-10,Chicago Blackhawks,1,Vegas Golden Knights,5
2019-12-10,Detroit Red Wings,1,Winnipeg Jets,5
2019-12-11,Philadelphia Flyers,1,Colorado Avalanche,3
2019-12-11,Ottawa Senators,2,Montreal Canadiens,3
2019-12-11,Boston Bruins,2,Washington Capitals,3
2019-12-12,Los Angeles Kings,2,Anaheim Ducks,1
2019-12-12,Chicago Blackhawks,2,Arizona Coyotes,5
2019-12-12,Nashville Predators,3,Buffalo Sabres,4
2019-12-12,Toronto Maple Leafs,2,Calgary Flames,4
2019-12-12,Winnipeg Jets,2,Detroit Red Wings,5
2019-12-12,New York Islanders,3,Florida Panthers,1
2019-12-12,Edmonton Oilers,5,Minnesota Wild,6
2019-12-12,Columbus Blue Jackets,0,Pittsburgh Penguins,1
2019-12-12,New York Rangers,6,San Jose Sharks,3
2019-12-12,Vegas Golden Knights,2,St Louis Blues,4
2019-12-12,Boston Bruins,2,Tampa Bay Lightning,3
2019-12-12,Carolina Hurricanes,0,Vancouver Canucks,1
2019-12-13,New Jersey Devils,1,Colorado Avalanche,3
2019-12-13,Vegas Golden Knights,3,Dallas Stars,2
2019-12-14,New York Rangers,3,Anaheim Ducks,4
2019-12-14,New Jersey Devils,2,Arizona Coyotes,1
2019-12-14,Carolina Hurricanes,4,Calgary Flames,0
2019-12-14,Toronto Maple Leafs,4,Edmonton Oilers,1
2019-12-14,Boston Bruins,4,Florida Panthers,2
2019-12-14,Philadelphia Flyers,1,Minnesota Wild,4
2019-12-14,Detroit Red Wings,2,Montreal Canadiens,1
2019-12-14,Dallas Stars,4,Nashville Predators,1
2019-12-14,Buffalo Sabres,2,New York Islanders,3
2019-12-14,Columbus Blue Jackets,3,Ottawa Senators,4
2019-12-14,Los Angeles Kings,4,Pittsburgh Penguins,5
2019-12-14,Vancouver Canucks,2,San Jose Sharks,4
2019-12-14,Chicago Blackhawks,3,St Louis Blues,4
2019-12-14,Washington Capitals,5,Tampa Bay Lightning,2
2019-12-15,Minnesota Wild,3,Chicago Blackhawks,5
2019-12-15,Los Angeles Kings,4,Detroit Red Wings,2
2019-12-15,Vancouver Canucks,3,Vegas Golden Knights,6
2019-12-15,Philadelphia Flyers,3,Winnipeg Jets,7
2019-12-16,Washington Capitals,0,Columbus Blue Jackets,3
2019-12-16,Edmonton Oilers,2,Dallas Stars,1
2019-12-16,Ottawa Senators,1,Florida Panthers,6
2019-12-16,Nashville Predators,5,New York Rangers,2
2019-12-16,Colorado Avalanche,2,St Louis Blues,5
2019-12-17,Los Angeles Kings,4,Boston Bruins,3
2019-12-17,Pittsburgh Penguins,4,Calgary Flames,1
2019-12-17,Columbus Blue Jackets,5,Detroit Red Wings,3
2019-12-17,Nashville Predators,8,New York Islanders,3
2019-12-17,Anaheim Ducks,1,Philadelphia Flyers,4
2019-12-17,Arizona Coyotes,3,San Jose Sharks,2
2019-12-17,Ottawa Senators,3,Tampa Bay Lightning,4
2019-12-17,Buffalo Sabres,3,Toronto Maple Leafs,5
2019-12-17,Montreal Canadiens,3,Vancouver Canucks,1
2019-12-17,Minnesota Wild,2,Vegas Golden Knights,3
2019-12-17,Carolina Hurricanes,6,Winnipeg Jets,3
2019-12-18,Colorado Avalanche,4,Chicago Blackhawks,1
2019-12-18,Anaheim Ducks,1,New Jersey Devils,3
2019-12-18,Edmonton Oilers,1,St Louis Blues,2
2019-12-19,Minnesota Wild,8,Arizona Coyotes,5
2019-12-19,New York Islanders,3,Boston Bruins,2
2019-12-19,Los Angeles Kings,2,Columbus Blue Jackets,3
2019-12-19,Montreal Canadiens,4,Calgary Flames,3
2019-12-19,Carolina Hurricanes,3,Colorado Avalanche,1
2019-12-19,Nashville Predators,4,Ottawa Senators,5
2019-12-19,Buffalo Sabres,1,Philadelphia Flyers,6
2019-12-19,Dallas Stars,4,Tampa Bay Lightning,3
2019-12-19,Vegas Golden Knights,4,Vancouver Canucks,5
2019-12-19,Chicago Blackhawks,4,Winnipeg Jets,1
2019-12-20,Pittsburgh Penguins,5,Edmonton Oilers,2
2019-12-20,Dallas Stars,4,Florida Panthers,7
2019-12-20,Washington Capitals,6,New Jersey Devils,3
2019-12-20,Toronto Maple Leafs,6,New York Rangers,3
2019-12-21,Nashville Predators,4,Boston Bruins,3
2019-12-21,Los Angeles Kings,2,Buffalo Sabres,3
2019-12-21,Florida Panthers,4,Carolina Hurricanes,2
2019-12-21,New Jersey Devils,1,Columbus Blue Jackets,5
2019-12-21,Chicago Blackhawks,5,Colorado Avalanche,3
2019-12-21,Montreal Canadiens,3,Edmonton Oilers,4
2019-12-21,Winnipeg Jets,6,Minnesota Wild,0
2019-12-21,Anaheim Ducks,6,New York Islanders,5
2019-12-21,Philadelphia Flyers,5,Ottawa Senators,4
2019-12-21,St Louis Blues,5,San Jose Sharks,2
2019-12-21,Detroit Red Wings,1,Toronto Maple Leafs,4
2019-12-21,Pittsburgh Penguins,1,Vancouver Canucks,4
2019-12-21,Tampa Bay Lightning,1,Washington Capitals,3
2019-12-22,Calgary Flames,5,Dallas Stars,1
2019-12-22,Arizona Coyotes,5,Detroit Red Wings,2
2019-12-22,Anaheim Ducks,1,New York Rangers,5
2019-12-22,Vegas Golden Knights,3,San Jose Sharks,1
2019-12-23,Washington Capitals,3,Boston Bruins,7
2019-12-23,New Jersey Devils,7,Chicago Blackhawks,1
2019-12-23,St Louis Blues,4,Los Angeles Kings,1
2019-12-23,Calgary Flames,0,Minnesota Wild,3
2019-12-23,Arizona Coyotes,2,Nashville Predators,3
2019-12-23,Columbus Blue Jackets,3,New York Islanders,2
2019-12-23,Buffalo Sabres,1,Ottawa Senators,3
2019-12-23,New York Rangers,1,Philadelphia Flyers,5
2019-12-23,Florida Panthers,1,Tampa Bay Lightning,6
2019-12-23,Carolina Hurricanes,6,Toronto Maple Leafs,8
2019-12-23,Edmonton Oilers,2,Vancouver Canucks,4
2019-12-23,Colorado Avalanche,7,Vegas Golden Knights,3
2019-12-23,Montreal Canadiens,6,Winnipeg Jets,2
2019-12-27,Vegas Golden Knights,3,Anaheim Ducks,4
2019-12-27,Boston Bruins,3,Buffalo Sabres,0
2019-12-27,New York Islanders,2,Chicago Blackhawks,5
2019-12-27,Minnesota Wild,6,Colorado Avalanche,4
2019-12-27,Calgary Flames,5,Edmonton Oilers,1
2019-12-27,Toronto Maple Leafs,5,New Jersey Devils,4
2019-12-27,Pittsburgh Penguins,5,Nashville Predators,2
2019-12-27,Carolina Hurricanes,3,New York Rangers,5
2019-12-27,Los Angeles Kings,3,San Jose Sharks,2
2019-12-27,St Louis Blues,5,Winnipeg Jets,4
2019-12-27,Columbus Blue Jackets,1,Washington Capitals,2
2019-12-28,Washington Capitals,4,Carolina Hurricanes,6
2019-12-28,Colorado Avalanche,2,Dallas Stars,3
2019-12-28,Detroit Red Wings,4,Florida Panthers,5
2019-12-28,Nashville Predators,4,Pittsburgh Penguins,6
2019-12-28,Philadelphia Flyers,1,San Jose Sharks,6
2019-12-28,Montreal Canadiens,4,Tampa Bay Lightning,5
2019-12-28,New York Rangers,5,Toronto Maple Leafs,4
2019-12-28,Los Angeles Kings,2,Vancouver Canucks,3
2019-12-28,Arizona Coyotes,1,Vegas Golden Knights,4
2019-12-29,Philadelphia Flyers,2,Anaheim Ducks,1
2019-12-29,Dallas Stars,4,Arizona Coyotes,2
2019-12-29,Buffalo Sabres,2,Boston Bruins,3
2019-12-29,Chicago Blackhawks,3,Columbus Blue Jackets,2
2019-12-29,Vancouver Canucks,5,Calgary Flames,2
2019-12-29,Montreal Canadiens,5,Florida Panthers,6
2019-12-29,New York Islanders,3,Minnesota Wild,1
2019-12-29,New Jersey Devils,4,Ottawa Senators,3
2019-12-29,Winnipeg Jets,1,St Louis Blues,4
2019-12-29,Detroit Red Wings,1,Tampa Bay Lightning,2
2019-12-30,Ottawa Senators,2,Pittsburgh Penguins,5
2019-12-31,St Louis Blues,1,Arizona Coyotes,3
2019-12-31,Tampa Bay Lightning,6,Buffalo Sabres,4
2019-12-31,Montreal Canadiens,1,Carolina Hurricanes,3
2019-12-31,Florida Panthers,1,Columbus Blue Jackets,4
2019-12-31,Chicago Blackhawks,5,Calgary Flames,3
2019-12-31,Winnipeg Jets,7,Colorado Avalanche,4
2019-12-31,San Jose Sharks,0,Detroit Red Wings,2
2019-12-31,New York Rangers,5,Edmonton Oilers,7
2019-12-31,Philadelphia Flyers,3,Los Angeles Kings,5
2019-12-31,Toronto Maple Leafs,4,Minnesota Wild,1
2019-12-31,Boston Bruins,2,New Jersey Devils,3
2019-12-31,Anaheim Ducks,2,Vegas Golden Knights,5
2019-12-31,New York Islanders,4,Washington Capitals,3
2020-01-01,Nashville Predators,2,Dallas Stars,4
2020-01-02,Anaheim Ducks,2,Arizona Coyotes,4
2020-01-02,Columbus Blue Jackets,2,Boston Bruins,1
2020-01-02,Edmonton Oilers,2,Buffalo Sabres,3
2020-01-02,New York Rangers,3,Calgary Flames,4
2020-01-02,St Louis Blues,3,Colorado Avalanche,7
2020-01-02,Tampa Bay Lightning,2,Montreal Canadiens,1
2020-01-02,New Jersey Devils,2,New York Islanders,1
2020-01-02,Florida Panthers,6,Ottawa Senators,3
2020-01-02,San Jose Sharks,3,Pittsburgh Penguins,2
2020-01-02,Chicago Blackhawks,5,Vancouver Canucks,7
2020-01-02,Philadelphia Flyers,4,Vegas Golden Knights,5
2020-01-02,Toronto Maple Leafs,6,Winnipeg Jets,3
2020-01-03,Washington Capitals,4,Carolina Hurricanes,3
2020-01-03,Detroit Red Wings,1,Dallas Stars,4
2020-01-04,Philadelphia Flyers,2,Arizona Coyotes,6
2020-01-04,Edmonton Oilers,4,Boston Bruins,1
2020-01-04,Florida Panthers,2,Buffalo Sabres,3
2020-01-04,San Jose Sharks,3,Columbus Blue Jackets,2
2020-01-04,Nashville Predators,4,Los Angeles Kings,1
2020-01-04,Winnipeg Jets,2,Minnesota Wild,3
2020-01-04,Pittsburgh Penguins,3,Montreal Canadiens,2
2020-01-04,Colorado Avalanche,5,New Jersey Devils,2
2020-01-04,Tampa Bay Lightning,5,Ottawa Senators,3
2020-01-04,New York Islanders,0,Toronto Maple Leafs,3
2020-01-04,New York Rangers,1,Vancouver Canucks,2
2020-01-04,St Louis Blues,4,Vegas Golden Knights,5
2020-01-05,Nashville Predators,4,Anaheim Ducks,5
2020-01-05,Tampa Bay Lightning,3,Carolina Hurricanes,1
2020-01-05,Detroit Red Wings,2,Chicago Blackhawks,4
2020-01-05,Calgary Flames,5,Minnesota Wild,4
2020-01-05,Florida Panthers,4,Pittsburgh Penguins,1
2020-01-05,San Jose Sharks,4,Washington Capitals,5
2020-01-06,Columbus Blue Jackets,4,Los Angeles Kings,2
2020-01-06,Winnipeg Jets,3,Montreal Canadiens,2
2020-01-06,Colorado Avalanche,0,New York Islanders,1
2020-01-06,Edmonton Oilers,6,Toronto Maple Leafs,4
2020-01-07,Columbus Blue Jackets,4,Anaheim Ducks,3
2020-01-07,Philadelphia Flyers,4,Carolina Hurricanes,5
2020-01-07,Calgary Flames,2,Chicago Blackhawks,1
2020-01-07,Montreal Canadiens,3,Detroit Red Wings,4
2020-01-07,Arizona Coyotes,5,Florida Panthers,2
2020-01-07,New York Islanders,4,New Jersey Devils,3
2020-01-07,Boston Bruins,6,Nashville Predators,2
2020-01-07,Colorado Avalanche,3,New York Rangers,5
2020-01-07,San Jose Sharks,2,St Louis Blues,3
2020-01-07,Vancouver Canucks,2,Tampa Bay Lightning,9
2020-01-07,Pittsburgh Penguins,4,Vegas Golden Knights,3
2020-01-07,Ottawa Senators,1,Washington Capitals,6
2020-01-08,Dallas Stars,2,Los Angeles Kings,1
2020-01-08,Washington Capitals,2,Philadelphia Flyers,3
2020-01-08,Winnipeg Jets,4,Toronto Maple Leafs,3
2020-01-09,Dallas Stars,3,Anaheim Ducks,0
2020-01-09,Winnipeg Jets,4,Boston Bruins,5
2020-01-09,Minnesota Wild,1,Calgary Flames,2
2020-01-09,Nashville Predators,5,Chicago Blackhawks,2
2020-01-09,Vancouver Canucks,2,Florida Panthers,5
2020-01-09,Edmonton Oilers,4,Montreal Canadiens,2
2020-01-09,New Jersey Devils,3,New York Rangers,6
2020-01-09,Columbus Blue Jackets,1,San Jose Sharks,3
2020-01-09,Buffalo Sabres,1,St Louis Blues,5
2020-01-09,Arizona Coyotes,0,Tampa Bay Lightning,4
2020-01-09,Los Angeles Kings,5,Vegas Golden Knights,2
2020-01-10,Arizona Coyotes,0,Carolina Hurricanes,3
2020-01-10,Pittsburgh Penguins,4,Colorado Avalanche,3
2020-01-10,Ottawa Senators,2,Detroit Red Wings,3
2020-01-11,Vancouver Canucks,6,Buffalo Sabres,3
2020-01-11,Los Angeles Kings,0,Carolina Hurricanes,2
2020-01-11,Edmonton Oilers,3,Calgary Flames,4
2020-01-11,Anaheim Ducks,2,Chicago Blackhawks,4
2020-01-11,Boston Bruins,3,New York Islanders,2
2020-01-11,Montreal Canadiens,2,Ottawa Senators,1
2020-01-11,Tampa Bay Lightning,1,Philadelphia Flyers,0
2020-01-11,Dallas Stars,1,San Jose Sharks,2
2020-01-11,New York Rangers,2,St Louis Blues,5
2020-01-11,Columbus Blue Jackets,3,Vegas Golden Knights,0
2020-01-11,New Jersey Devils,5,Washington Capitals,1
2020-01-12,Pittsburgh Penguins,4,Arizona Coyotes,3
2020-01-12,Buffalo Sabres,5,Detroit Red Wings,1
2020-01-12,Toronto Maple Leafs,4,Florida Panthers,8
2020-01-12,Vancouver Canucks,4,Minnesota Wild,1
2020-01-12,Tampa Bay Lightning,1,New Jersey Devils,3
2020-01-12,Nashville Predators,1,Winnipeg Jets,0
2020-01-13,Calgary Flames,0,Montreal Canadiens,2
2020-01-13,New York Islanders,2,New York Rangers,6
2020-01-13,Boston Bruins,5,Philadelphia Flyers,6
2020-01-13,Anaheim Ducks,1,St Louis Blues,4
2020-01-13,Carolina Hurricanes,0,Washington Capitals,2
2020-01-14,San Jose Sharks,3,Arizona Coyotes,6
2020-01-14,Vegas Golden Knights,2,Buffalo Sabres,4
2020-01-14,Boston Bruins,0,Columbus Blue Jackets,3
2020-01-14,Dallas Stars,3,Colorado Avalanche,2
2020-01-14,Nashville Predators,2,Edmonton Oilers,4
2020-01-14,Detroit Red Wings,2,New York Islanders,8
2020-01-14,Chicago Blackhawks,3,Ottawa Senators,2
2020-01-14,Minnesota Wild,3,Pittsburgh Penguins,7
2020-01-14,Los Angeles Kings,3,Tampa Bay Lightning,4
2020-01-14,New Jersey Devils,4,Toronto Maple Leafs,7
2020-01-14,Vancouver Canucks,0,Winnipeg Jets,4
2020-01-15,Chicago Blackhawks,4,Montreal Canadiens,1
2020-01-15,Philadelphia Flyers,4,St Louis Blues,3
2020-01-16,Pittsburgh Penguins,1,Boston Bruins,4
2020-01-16,Carolina Hurricanes,2,Columbus Blue Jackets,3
2020-01-16,San Jose Sharks,0,Colorado Avalanche,4
2020-01-16,Buffalo Sabres,4,Dallas Stars,1
2020-01-16,Los Angeles Kings,3,Florida Panthers,4
2020-01-16,Tampa Bay Lightning,2,Minnesota Wild,3
2020-01-16,Anaheim Ducks,4,Nashville Predators,2
2020-01-16,New York Rangers,3,New York Islanders,2
2020-01-16,Vegas Golden Knights,4,Ottawa Senators,2
2020-01-16,Montreal Canadiens,4,Philadelphia Flyers,1
2020-01-16,Calgary Flames,2,Toronto Maple Leafs,1
2020-01-16,Arizona Coyotes,1,Vancouver Canucks,3
2020-01-16,New Jersey Devils,2,Washington Capitals,5
2020-01-17,Anaheim Ducks,2,Carolina Hurricanes,1
2020-01-17,Pittsburgh Penguins,2,Detroit Red Wings,1
2020-01-17,Tampa Bay Lightning,7,Winnipeg Jets,1
2020-01-18,New Jersey Devils,0,Columbus Blue Jackets,5
2020-01-18,St Louis Blues,3,Colorado Avalanche,5
2020-01-18,Florida Panthers,4,Detroit Red Wings,1
2020-01-18,Arizona Coyotes,3,Edmonton Oilers,7
2020-01-18,Dallas Stars,0,Minnesota Wild,7
2020-01-18,Vegas Golden Knights,4,Montreal Canadiens,5
2020-01-18,Buffalo Sabres,1,Nashville Predators,2
2020-01-18,Washington Capitals,6,New York Islanders,4
2020-01-18,Calgary Flames,2,Ottawa Senators,5
2020-01-18,Los Angeles Kings,1,Philadelphia Flyers,4
2020-01-18,Chicago Blackhawks,6,Toronto Maple Leafs,2
2020-01-18,San Jose Sharks,1,Vancouver Canucks,4
2020-01-19,New York Islanders,1,Carolina Hurricanes,2
2020-01-19,Winnipeg Jets,2,Chicago Blackhawks,5
2020-01-19,Columbus Blue Jackets,2,New York Rangers,1
2020-01-19,Boston Bruins,3,Pittsburgh Penguins,4
2020-01-20,Detroit Red Wings,3,Colorado Avalanche,6
2020-01-20,Florida Panthers,5,Minnesota Wild,4
2020-01-21,Vegas Golden Knights,2,Boston Bruins,3
2020-01-21,Winnipeg Jets,1,Carolina Hurricanes,4
2020-01-21,Florida Panthers,4,Chicago Blackhawks,3
2020-01-21,New York Islanders,4,New York Rangers,2
2020-01-21,Pittsburgh Penguins,0,Philadelphia Flyers,3
2020-01-22,Winnipeg Jets,3,Columbus Blue Jackets,4
2020-01-22,Detroit Red Wings,2,Minnesota Wild,4
2020-01-27,Tampa Bay Lightning,2,Dallas Stars,3
2020-01-27,Washington Capitals,4,Montreal Canadiens,2
2020-01-27,Toronto Maple Leafs,5,Nashville Predators,2
2020-01-27,New Jersey Devils,4,Ottawa Senators,3
2020-01-27,Anaheim Ducks,2,San Jose Sharks,4
2020-01-27,St Louis Blues,1,Vancouver Canucks,3
2020-01-28,Ottawa Senators,5,Buffalo Sabres,2
2020-01-28,St Louis Blues,5,Calgary Flames,4
2020-01-29,Arizona Coyotes,2,Anaheim Ducks,4
2020-01-29,Toronto Maple Leafs,5,Dallas Stars,3
2020-01-29,Calgary Flames,4,Edmonton Oilers,3
2020-01-29,Tampa Bay Lightning,4,Los Angeles Kings,2
2020-01-29,Vancouver Canucks,5,San Jose Sharks,2
2020-01-29,Nashville Predators,5,Washington Capitals,4
2020-01-30,Los Angeles Kings,3,Arizona Coyotes,2
2020-01-30,Montreal Canadiens,3,Buffalo Sabres,1
2020-01-30,Nashville Predators,6,New Jersey Devils,5
2020-01-31,Tampa Bay Lightning,4,Anaheim Ducks,3
2020-01-31,Vegas Golden Knights,4,Carolina Hurricanes,3
2020-01-31,St Louis Blues,2,Edmonton Oilers,4
2020-01-31,Detroit Red Wings,2,New York Rangers,4
2020-01-31,Washington Capitals,5,Ottawa Senators,3
2020-01-31,Philadelphia Flyers,3,Pittsburgh Penguins,4
2020-01-31,Boston Bruins,2,Winnipeg Jets,1
2020-02-01,Chicago Blackhawks,3,Arizona Coyotes,2
2020-02-01,Columbus Blue Jackets,1,Buffalo Sabres,2
2020-02-01,Edmonton Oilers,8,Calgary Flames,3
2020-02-01,New York Rangers,1,Detroit Red Wings,0
2020-02-01,Anaheim Ducks,3,Los Angeles Kings,1
2020-02-01,Boston Bruins,6,Minnesota Wild,1
2020-02-01,Florida Panthers,0,Montreal Canadiens,4
2020-02-01,Dallas Stars,3,New Jersey Devils,2
2020-02-01,Vegas Golden Knights,3,Nashville Predators,0
2020-02-01,Vancouver Canucks,4,New York Islanders,3
2020-02-01,Colorado Avalanche,3,Philadelphia Flyers,6
2020-02-01,Tampa Bay Lightning,3,San Jose Sharks,0
2020-02-01,Ottawa Senators,1,Toronto Maple Leafs,2
2020-02-01,St Louis Blues,2,Winnipeg Jets,5
2020-02-02,Vancouver Canucks,3,Carolina Hurricanes,4
2020-02-02,Columbus Blue Jackets,4,Montreal Canadiens,3
2020-02-02,Pittsburgh Penguins,4,Washington Capitals,3
2020-02-03,Philadelphia Flyers,3,Detroit Red Wings,0
2020-02-03,Dallas Stars,5,New York Rangers,3
2020-02-03,Florida Panthers,5,Toronto Maple Leafs,3
2020-02-04,Edmonton Oilers,0,Arizona Coyotes,3
2020-02-04,Vancouver Canucks,0,Boston Bruins,4
2020-02-04,Colorado Avalanche,6,Buffalo Sabres,1
2020-02-04,Florida Panthers,0,Columbus Blue Jackets,1
2020-02-04,San Jose Sharks,3,Calgary Flames,1
2020-02-04,Chicago Blackhawks,2,Minnesota Wild,3
2020-02-04,Montreal Canadiens,5,New Jersey Devils,4
2020-02-04,Dallas Stars,3,New York Islanders,4
2020-02-04,Anaheim Ducks,3,Ottawa Senators,2
2020-02-04,Carolina Hurricanes,3,St Louis Blues,6
2020-02-04,Vegas Golden Knights,2,Tampa Bay Lightning,4
2020-02-04,Nashville Predators,2,Winnipeg Jets,1
2020-02-04,Los Angeles Kings,2,Washington Capitals,4
2020-02-05,Boston Bruins,2,Chicago Blackhawks,1
2020-02-05,Toronto Maple Leafs,3,New York Rangers,5
2020-02-06,Carolina Hurricanes,5,Arizona Coyotes,3
2020-02-06,Detroit Red Wings,4,Buffalo Sabres,3
2020-02-06,Nashville Predators,3,Calgary Flames,2
2020-02-06,San Jose Sharks,6,Edmonton Oilers,3
2020-02-06,Vegas Golden Knights,7,Florida Panthers,2
2020-02-06,Vancouver Canucks,2,Minnesota Wild,4
2020-02-06,Anaheim Ducks,2,Montreal Canadiens,3
2020-02-06,Los Angeles Kings,3,New York Islanders,5
2020-02-06,Colorado Avalanche,4,Ottawa Senators,1
2020-02-06,New Jersey Devils,5,Philadelphia Flyers,0
2020-02-06,Winnipeg Jets,4,St Louis Blues,2
2020-02-06,Pittsburgh Penguins,2,Tampa Bay Lightning,4
2020-02-07,Detroit Red Wings,0,Columbus Blue Jackets,2
2020-02-07,Minnesota Wild,3,Dallas Stars,2
2020-02-07,Buffalo Sabres,3,New York Rangers,2
2020-02-07,Anaheim Ducks,4,Toronto Maple Leafs,5
2020-02-08,Arizona Coyotes,2,Boston Bruins,4
2020-02-08,Colorado Avalanche,2,Columbus Blue Jackets,1
2020-02-08,Nashville Predators,2,Edmonton Oilers,3
2020-02-08,Pittsburgh Penguins,3,Florida Panthers,2
2020-02-08,Toronto Maple Leafs,1,Montreal Canadiens,2
2020-02-08,Los Angeles Kings,0,New Jersey Devils,3
2020-02-08,Dallas Stars,3,St Louis Blues,2
2020-02-08,New York Islanders,1,Tampa Bay Lightning,3
2020-02-08,Calgary Flames,6,Vancouver Canucks,2
2020-02-08,Carolina Hurricanes,6,Vegas Golden Knights,5
2020-02-08,Ottawa Senators,2,Winnipeg Jets,5
2020-02-08,Philadelphia Flyers,7,Washington Capitals,2
2020-02-09,Anaheim Ducks,3,Buffalo Sabres,2
2020-02-09,Boston Bruins,1,Detroit Red Wings,3
2020-02-09,Colorado Avalanche,3,Minnesota Wild,2
2020-02-09,Los Angeles Kings,1,New York Rangers,4
2020-02-09,Chicago Blackhawks,2,Winnipeg Jets,5
2020-02-10,Tampa Bay Lightning,2,Columbus Blue Jackets,1
2020-02-10,Arizona Coyotes,3,Montreal Canadiens,2
2020-02-10,Florida Panthers,1,Philadelphia Flyers,4
2020-02-10,Calgary Flames,6,San Jose Sharks,2
2020-02-10,Nashville Predators,2,Vancouver Canucks,6
2020-02-10,New York Islanders,5,Washington Capitals,3
2020-02-11,Detroit Red Wings,2,Buffalo Sabres,3
2020-02-11,Ottawa Senators,0,Colorado Avalanche,3
2020-02-11,Carolina Hurricanes,1,Dallas Stars,4
2020-02-11,Chicago Blackhawks,3,Edmonton Oilers,5
2020-02-11,Vegas Golden Knights,0,Minnesota Wild,4
2020-02-11,Florida Panthers,5,New Jersey Devils,3
2020-02-11,Philadelphia Flyers,3,New York Islanders,5
2020-02-11,Tampa Bay Lightning,2,Pittsburgh Penguins,1
2020-02-11,Arizona Coyotes,2,Toronto Maple Leafs,3
2020-02-11,New York Rangers,4,Winnipeg Jets,1
2020-02-12,Montreal Canadiens,1,Boston Bruins,4
2020-02-12,Calgary Flames,3,Los Angeles Kings,5
2020-02-12,Chicago Blackhawks,0,Vancouver Canucks,3
2020-02-13,Calgary Flames,6,Anaheim Ducks,0
2020-02-13,Columbus Blue Jackets,3,Buffalo Sabres,4
2020-02-13,Washington Capitals,3,Colorado Avalanche,2
2020-02-13,Philadelphia Flyers,6,Florida Panthers,2
2020-02-13,New York Rangers,4,Minnesota Wild,3
2020-02-13,Detroit Red Wings,1,New Jersey Devils,4
2020-02-13,New York Islanders,0,Nashville Predators,5
2020-02-13,Arizona Coyotes,2,Ottawa Senators,3
2020-02-13,Edmonton Oilers,1,Tampa Bay Lightning,3
2020-02-13,Dallas Stars,3,Toronto Maple Leafs,2
2020-02-13,St Louis Blues,5,Vegas Golden Knights,6
2020-02-14,New Jersey Devils,2,Carolina Hurricanes,5
2020-02-14,New York Rangers,3,Columbus Blue Jackets,1
2020-02-14,Montreal Canadiens,1,Pittsburgh Penguins,4
2020-02-14,San Jose Sharks,3,Winnipeg Jets,2
2020-02-15,Washington Capitals,1,Arizona Coyotes,3
2020-02-15,Detroit Red Wings,1,Boston Bruins,4
2020-02-15,Chicago Blackhawks,8,Calgary Flames,4
2020-02-15,Los Angeles Kings,3,Colorado Avalanche,1
2020-02-15,Edmonton Oilers,4,Florida Panthers,1
2020-02-15,San Jose Sharks,2,Minnesota Wild,0
2020-02-15,Dallas Stars,4,Montreal Canadiens,3
2020-02-15,Toronto Maple Leafs,4,Ottawa Senators,2
2020-02-15,Nashville Predators,4,St Louis Blues,3
2020-02-15,Philadelphia Flyers,3,Tampa Bay Lightning,5
2020-02-15,New York Islanders,0,Vegas Golden Knights,1
2020-02-16,Toronto Maple Leafs,2,Buffalo Sabres,5
2020-02-16,Edmonton Oilers,4,Carolina Hurricanes,3
2020-02-16,Columbus Blue Jackets,3,New Jersey Devils,4
2020-02-16,St Louis Blues,1,Nashville Predators,2
2020-02-16,Boston Bruins,3,New York Rangers,1
2020-02-16,Dallas Stars,3,Ottawa Senators,4
2020-02-16,Detroit Red Wings,1,Pittsburgh Penguins,5
2020-02-16,Anaheim Ducks,5,Vancouver Canucks,1
2020-02-16,Chicago Blackhawks,2,Winnipeg Jets,3
2020-02-17,New York Islanders,1,Arizona Coyotes,2
2020-02-17,Anaheim Ducks,4,Calgary Flames,6
2020-02-17,Tampa Bay Lightning,4,Colorado Avalanche,3
2020-02-17,Florida Panthers,5,San Jose Sharks,3
2020-02-17,Washington Capitals,2,Vegas Golden Knights,3
2020-02-18,Montreal Canadiens,3,Detroit Red Wings,4
2020-02-18,Carolina Hurricanes,4,Nashville Predators,1
2020-02-18,Buffalo Sabres,4,Ottawa Senators,7
2020-02-18,Columbus Blue Jackets,1,Philadelphia Flyers,5
2020-02-18,Toronto Maple Leafs,2,Pittsburgh Penguins,5
2020-02-18,New Jersey Devils,0,St Louis Blues,3
2020-02-18,Los Angeles Kings,3,Winnipeg Jets,6
2020-02-19,Florida Panthers,4,Anaheim Ducks,1
2020-02-19,New York Rangers,6,Chicago Blackhawks,3
2020-02-19,New York Islanders,1,Colorado Avalanche,3
2020-02-19,Arizona Coyotes,2,Dallas Stars,3
2020-02-19,Boston Bruins,2,Edmonton Oilers,1
2020-02-19,Minnesota Wild,4,Vancouver Canucks,3
2020-02-20,Philadelphia Flyers,4,Columbus Blue Jackets,3
2020-02-20,Florida Panthers,4,Los Angeles Kings,5
2020-02-20,San Jose Sharks,1,New Jersey Devils,2
2020-02-20,Winnipeg Jets,5,Ottawa Senators,1
2020-02-20,Arizona Coyotes,0,St Louis Blues,1
2020-02-20,Pittsburgh Penguins,0,Toronto Maple Leafs,4
2020-02-20,Tampa Bay Lightning,3,Vegas Golden Knights,5
2020-02-20,Montreal Canadiens,4,Washington Capitals,3
2020-02-21,Colorado Avalanche,1,Anaheim Ducks,0
2020-02-21,New York Rangers,5,Carolina Hurricanes,2
2020-02-21,Boston Bruins,4,Calgary Flames,3
2020-02-21,Nashville Predators,1,Chicago Blackhawks,2
2020-02-21,St Louis Blues,5,Dallas Stars,1
2020-02-21,Minnesota Wild,5,Edmonton Oilers,3
2020-02-21,Detroit Red Wings,1,New York Islanders,4
2020-02-22,Tampa Bay Lightning,3,Arizona Coyotes,7
2020-02-22,Colorado Avalanche,2,Los Angeles Kings,1
2020-02-22,Washington Capitals,2,New Jersey Devils,3
2020-02-22,Columbus Blue Jackets,3,Nashville Predators,4
2020-02-22,San Jose Sharks,2,New York Rangers,3
2020-02-22,Montreal Canadiens,3,Ottawa Senators,0
2020-02-22,Winnipeg Jets,2,Philadelphia Flyers,4
2020-02-22,Buffalo Sabres,5,Pittsburgh Penguins,2
2020-02-22,Carolina Hurricanes,6,Toronto Maple Leafs,3
2020-02-22,Boston Bruins,3,Vancouver Canucks,9
2020-02-22,Florida Panthers,3,Vegas Golden Knights,5
2020-02-23,Vegas Golden Knights,6,Anaheim Ducks,5
2020-02-23,Winnipeg Jets,1,Buffalo Sabres,2
2020-02-23,Chicago Blackhawks,1,Dallas Stars,2
2020-02-23,Calgary Flames,4,Detroit Red Wings,2
2020-02-23,Edmonton Oilers,4,Los Angeles Kings,2
2020-02-23,St Louis Blues,4,Minnesota Wild,1
2020-02-23,San Jose Sharks,1,New York Islanders,4
2020-02-23,Pittsburgh Penguins,3,Washington Capitals,5
2020-02-24,Ottawa Senators,3,Columbus Blue Jackets,4
2020-02-25,Edmonton Oilers,3,Anaheim Ducks,4
2020-02-25,Florida Panthers,2,Arizona Coyotes,1
2020-02-25,Calgary Flames,5,Boston Bruins,2
2020-02-25,Dallas Stars,4,Carolina Hurricanes,1
2020-02-25,New Jersey Devils,4,Detroit Red Wings,1
2020-02-25,Columbus Blue Jackets,4,Minnesota Wild,5
2020-02-25,Vancouver Canucks,4,Montreal Canadiens,3
2020-02-25,Ottawa Senators,2,Nashville Predators,3
2020-02-25,New York Rangers,4,New York Islanders,3
2020-02-25,San Jose Sharks,2,Philadelphia Flyers,4
2020-02-25,Chicago Blackhawks,5,St Louis Blues,6
2020-02-25,Toronto Maple Leafs,4,Tampa Bay Lightning,3
2020-02-25,Winnipeg Jets,3,Washington Capitals,4
2020-02-26,Buffalo Sabres,2,Colorado Avalanche,3
2020-02-26,Pittsburgh Penguins,1,Los Angeles Kings,2
2020-02-26,Edmonton Oilers,0,Vegas Golden Knights,3
2020-02-27,Dallas Stars,3,Boston Bruins,4
2020-02-27,Minnesota Wild,7,Detroit Red Wings,1
2020-02-27,Toronto Maple Leafs,5,Florida Panthers,3
2020-02-27,New York Rangers,5,Montreal Canadiens,2
2020-02-27,Calgary Flames,3,Nashville Predators,4
2020-02-27,Vancouver Canucks,2,Ottawa Senators,5
2020-02-27,New Jersey Devils,2,San Jose Sharks,3
2020-02-27,New York Islanders,2,St Louis Blues,3
2020-02-27,Chicago Blackhawks,5,Tampa Bay Lightning,2
2020-02-27,Washington Capitals,0,Winnipeg Jets,3
2020-02-28,Pittsburgh Penguins,2,Anaheim Ducks,3
2020-02-28,Colorado Avalanche,3,Carolina Hurricanes,2
2020-02-28,Minnesota Wild,5,Columbus Blue Jackets,0
2020-02-28,New York Rangers,2,Philadelphia Flyers,5
2020-02-28,Buffalo Sabres,2,Vegas Golden Knights,4
2020-02-29,Buffalo Sabres,2,Arizona Coyotes,5
2020-02-29,Winnipeg Jets,2,Edmonton Oilers,3
2020-02-29,Chicago Blackhawks,3,Florida Panthers,2
2020-02-29,New Jersey Devils,1,Los Angeles Kings,2
2020-02-29,Carolina Hurricanes,3,Montreal Canadiens,4
2020-02-29,Colorado Avalanche,3,Nashville Predators,2
2020-02-29,Boston Bruins,4,New York Islanders,0
2020-02-29,Detroit Red Wings,3,Ottawa Senators,4
2020-02-29,Pittsburgh Penguins,0,San Jose Sharks,5
2020-02-29,Dallas Stars,3,St Louis Blues,4
2020-02-29,Calgary Flames,3,Tampa Bay Lightning,4
2020-02-29,Vancouver Canucks,2,Toronto Maple Leafs,4
2020-03-01,New Jersey Devils,3,Anaheim Ducks,0
2020-03-01,Vancouver Canucks,3,Columbus Blue Jackets,5
2020-03-01,Calgary Flames,3,Florida Panthers,0
2020-03-01,Washington Capitals,4,Minnesota Wild,3
2020-03-01,Philadelphia Flyers,5,New York Rangers,3
2020-03-01,Los Angeles Kings,4,Vegas Golden Knights,1
2020-03-02,Colorado Avalanche,2,Detroit Red Wings,1
2020-03-02,Edmonton Oilers,8,Nashville Predators,3
2020-03-03,Anaheim Ducks,2,Chicago Blackhawks,6
2020-03-03,Edmonton Oilers,2,Dallas Stars,1
2020-03-03,Nashville Predators,1,Minnesota Wild,3
2020-03-03,Montreal Canadiens,6,New York Islanders,2
2020-03-03,St Louis Blues,3,New York Rangers,1
2020-03-03,Ottawa Senators,3,Pittsburgh Penguins,7
2020-03-03,Toronto Maple Leafs,2,San Jose Sharks,5
2020-03-03,Boston Bruins,2,Tampa Bay Lightning,1
2020-03-03,New Jersey Devils,0,Vegas Golden Knights,3
2020-03-03,Buffalo Sabres,1,Winnipeg Jets,3
2020-03-04,Columbus Blue Jackets,2,Calgary Flames,3
2020-03-04,Anaheim Ducks,4,Colorado Avalanche,3
2020-03-04,Arizona Coyotes,4,Vancouver Canucks,2
2020-03-04,Philadelphia Flyers,5,Washington Capitals,2
2020-03-05,Pittsburgh Penguins,4,Buffalo Sabres,2
2020-03-05,Edmonton Oilers,3,Chicago Blackhawks,4
2020-03-05,Boston Bruins,2,Florida Panthers,1
2020-03-05,Toronto Maple Leafs,0,Los Angeles Kings,1
2020-03-05,Dallas Stars,0,Nashville Predators,2
2020-03-05,Washington Capitals,5,New York Rangers,6
2020-03-05,New York Islanders,3,Ottawa Senators,4
2020-03-05,Carolina Hurricanes,1,Philadelphia Flyers,4
2020-03-05,Minnesota Wild,3,San Jose Sharks,2
2020-03-05,Montreal Canadiens,0,Tampa Bay Lightning,4
2020-03-06,Toronto Maple Leafs,1,Anaheim Ducks,2
2020-03-06,Arizona Coyotes,2,Calgary Flames,3
2020-03-06,Chicago Blackhawks,1,Detroit Red Wings,2
2020-03-06,St Louis Blues,2,New Jersey Devils,4
2020-03-06,Colorado Avalanche,3,Vancouver Canucks,6
2020-03-06,Vegas Golden Knights,0,Winnipeg Jets,4
2020-03-07,Tampa Bay Lightning,5,Boston Bruins,3
2020-03-07,Nashville Predators,1,Dallas Stars,0
2020-03-07,Columbus Blue Jackets,1,Edmonton Oilers,4
2020-03-07,Montreal Canadiens,1,Florida Panthers,4
2020-03-07,Minnesota Wild,3,Los Angeles Kings,7
2020-03-07,Carolina Hurricanes,3,New York Islanders,2
2020-03-07,New Jersey Devils,6,New York Rangers,4
2020-03-07,Buffalo Sabres,1,Philadelphia Flyers,3
2020-03-07,Washington Capitals,5,Pittsburgh Penguins,2
2020-03-07,Ottawa Senators,2,San Jose Sharks,1
2020-03-08,Minnesota Wild,5,Anaheim Ducks,4
2020-03-08,Vegas Golden Knights,5,Calgary Flames,3
2020-03-08,St Louis Blues,2,Chicago Blackhawks,0
2020-03-08,Tampa Bay Lightning,4,Detroit Red Wings,5
2020-03-08,Carolina Hurricanes,6,Pittsburgh Penguins,2
2020-03-08,Colorado Avalanche,4,San Jose Sharks,3
2020-03-08,Columbus Blue Jackets,2,Vancouver Canucks,1
2020-03-09,Washington Capitals,2,Buffalo Sabres,3
2020-03-09,Vegas Golden Knights,3,Edmonton Oilers,2
2020-03-09,Colorado Avalanche,1,Los Angeles Kings,3
2020-03-09,Florida Panthers,2,St Louis Blues,1
2020-03-09,Arizona Coyotes,2,Winnipeg Jets,4
2020-03-10,Ottawa Senators,2,Anaheim Ducks,5
2020-03-10,New York Rangers,4,Dallas Stars,2
2020-03-10,Carolina Hurricanes,5,Detroit Red Wings,2
2020-03-10,Nashville Predators,4,Montreal Canadiens,2
2020-03-10,Pittsburgh Penguins,5,New Jersey Devils,2
2020-03-10,Boston Bruins,2,Philadelphia Flyers,0
2020-03-10,Tampa Bay Lightning,1,Toronto Maple Leafs,2
2020-03-10,New York Islanders,4,Vancouver Canucks,5
2020-03-11,St Louis Blues,4,Anaheim Ducks,2
2020-03-11,San Jose Sharks,2,Chicago Blackhawks,6
2020-03-11,New York Rangers,2,Colorado Avalanche,3
2020-03-11,Winnipeg Jets,4,Edmonton Oilers,2
2020-03-11,Ottawa Senators,2,Los Angeles Kings,3