"","Team","GP","TOI/GP","W","L","OTL","ROW","Points","Point %","CF/60","CA/60","CF%","FF/60","FA/60","FF%","SF/60","SA/60","SF%","GF/60","GA/60","GF%","xGF/60","xGA/60","xGF%","SCF/60","SCA/60","SCF%","SCSF/60","SCSA/60","SCSF%","SCGF/60","SCGA/60","SCGF%","SCSH%","SCSV%","HDCF/60","HDCA/60","HDCF%","HDSF/60","HDSA/60","HDSF%","HDGF/60","HDGA/60","HDGF%","HDSH%","HDSV%","MDCF/60","MDCA/60","MDCF%","MDSF/60","MDSA/60","MDSF%","MDGF/60","MDGA/60","MDGF%","MDSH%","MDSV%","LDCF/60","LDCA/60","LDCF%","LDSF/60","LDSA/60","LDSF%","LDGF/60","LDGA/60","LDGF%","LDSH%","LDSV%","SH%","SV%","PDO"
"21","Anaheim Ducks","28","48.7923","6","18","4","5","16","0.286","53.58","55.25","49.23","40.01","41.72","48.95","26.92","30.08","47.23","1.89","3.16","37.39","2.27","2.68","45.87","24.81","28.72","46.35","14.89","18.49","44.61","1.67","3.03","35.51","11.21","83.61","10.67","12.3","46.46","7.73","9.44","45.01","1.19","2.11","36.00","15.34","77.67","14.14","16.43","46.26","7.16","9.05","44.17","0.48","0.92","34.38","6.75","89.81","24.64","24.07","50.59","10.58","10.89","49.28","0.22","0.13","62.50","2.07","98.79","7.01","89.49","0.965"
"13","Arizona Coyotes","28","48.2923","12","12","4","10","28","0.500","53.11","54.05","49.57","39.76","40.47","49.56","27.02","27.73","49.35","2.17","2.31","48.51","2.28","2.28","50.02","24.98","26.53","48.49","14.07","15.04","48.32","1.91","2.17","46.74","13.56","85.55","11.18","10.83","50.81","7.63","7.54","50.29","1.02","1.2","46.00","13.37","84.12","13.8","15.71","46.77","6.43","7.5","46.18","0.89","0.98","47.62","13.79","86.98","24.63","24.45","50.18","11.71","11.58","50.29","0.27","0.13","66.67","2.27","98.85","8.05","91.68","0.997"
"23","Boston Bruins","28","47.8583","18","7","3","15","39","0.696","55.25","45.36","54.92","44.06","35.06","55.69","32.01","24.49","56.66","2.78","2.24","55.36","2.14","1.79","54.42","25.43","21.22","54.51","16.34","12.76","56.15","2.33","1.97","54.17","14.25","84.56","8.78","7.39","54.29","7.12","5.78","55.21","1.43","1.3","52.46","20.13","77.52","16.66","13.84","54.63","9.22","6.98","56.91","0.9","0.67","57.14","9.71","90.38","27.18","21.94","55.33","13.93","10.25","57.59","0.45","0.27","62.50","3.22","97.38","8.67","90.86","0.995"
"6","Buffalo Sabres","28","49.5262","8","16","4","5","20","0.357","47.85","57.29","45.51","37.64","46.12","44.94","27.65","34.53","44.47","1.6","2.94","35.24","2.01","2.46","45.01","21.76","25.01","46.53","12.81","15.32","45.54","1.34","2.34","36.47","10.47","84.75","10.34","10.99","48.48","7.36","8.13","47.49","0.87","1.12","43.48","11.76","86.17","11.42","14.02","44.90","5.45","7.18","43.15","0.48","1.21","28.21","8.73","83.13","23.49","29.08","44.69","13.76","17.87","43.50","0.26","0.61","30.00","1.89","96.61","5.79","91.48","0.973"
"17","Calgary Flames","28","48.0768","15","12","1","15","31","0.554","55.22","43.23","56.09","43.46","34.36","55.84","29.6","24.96","54.25","2.94","2.41","55.00","2.47","1.87","56.92","28.04","20.64","57.60","17.69","13.51","56.71","2.72","2.18","55.45","15.37","83.83","10.92","7.58","59.04","8.33","6.15","57.54","1.47","1.34","52.38","17.65","78.26","17.12","13.06","56.72","9.36","7.35","56.00","1.25","0.85","59.57","13.33","88.48","24.2","19.61","55.24","10.79","10.21","51.38","0.22","0.22","50.00","2.07","97.82","9.94","90.36","1.003"
"24","Carolina Hurricanes","28","48.6","20","3","5","19","45","0.804","61.95","50.66","55.01","47.22","38.93","54.81","32.8","27.56","54.35","2.29","1.76","56.52","3.08","2.49","55.24","30.6","24.12","55.92","17.24","14.95","53.56","1.85","1.5","55.26","10.74","89.97","14.11","11.29","55.56","9.57","8.2","53.85","1.37","1.15","54.39","14.29","86.02","16.49","12.83","56.24","7.67","6.75","53.21","0.49","0.35","57.89","6.32","94.77","27.16","21.96","55.30","14.37","11.38","55.82","0.44","0.26","62.50","3.07","97.67","6.99","93.60","1.006"
"27","Chicago Blackhawks","28","48.9881","13","11","4","12","30","0.536","50.39","60.93","45.27","34.82","44.66","43.81","28.21","35.56","44.24","2.8","2.84","49.61","2.09","2.83","42.47","24.06","30.49","44.11","15.57","20.38","43.31","2.58","2.62","49.58","16.57","87.12","9.97","12.77","43.85","8.31","10.94","43.18","1.84","1.97","48.28","22.11","82.00","14.09","17.72","44.29","7.26","9.45","43.46","0.74","0.66","53.13","10.24","93.06","22.53","26.68","45.78","11.46","14","45.02","0.22","0.22","50.00","1.91","98.44","9.92","92.00","1.019"
"5","Colorado Avalanche","28","47.7923","22","4","2","22","46","0.821","65.24","42.77","60.40","47.44","30.94","60.53","35.78","22.46","61.43","3.23","1.66","66.06","2.71","1.55","63.67","30.89","17.8","63.44","19.5","11.21","63.50","2.65","1.43","64.84","13.56","87.20","12.15","6.9","63.76","9.24","5.47","62.80","1.57","0.94","62.50","16.99","82.79","18.74","10.9","63.24","10.27","5.74","64.15","1.08","0.49","68.57","10.48","91.41","30.62","20.98","59.34","15.65","10.09","60.80","0.58","0.22","72.22","3.72","97.78","9.02","92.61","1.016"
"25","Columbus Blue Jackets","28","50.3833","11","9","8","9","30","0.536","48.87","56.23","46.50","38.11","43.25","46.84","27.26","31.86","46.12","2.38","2.55","48.28","1.95","2.39","44.96","21.73","25.56","45.95","13.23","15.74","45.67","1.66","2.21","42.86","12.54","85.95","7.57","10.16","42.69","5.15","7.87","39.54","0.85","1.4","37.74","16.53","82.16","14.16","15.4","47.91","8.08","7.87","50.67","0.81","0.81","50.00","10.00","89.73","23.05","27.01","46.05","12.76","14.76","46.37","0.72","0.34","68.00","5.67","97.69","8.74","91.99","1.007"
"29","Dallas Stars","28","48.3065","13","7","8","12","34","0.607","56.2","48.17","53.85","40.59","34.82","53.82","28.21","23.02","55.06","2.48","1.69","59.57","2.27","1.79","55.91","26.48","21.51","55.18","15.13","12.07","55.63","2.31","1.42","61.90","15.25","88.24","11.22","8.07","58.16","7.94","5.63","58.50","1.69","1.15","59.38","21.23","79.53","15.26","13.44","53.17","7.19","6.43","52.77","0.62","0.27","70.00","8.64","95.86","24.26","21.25","53.31","11.05","9.54","53.66","0.18","0.27","40.00","1.61","97.21","8.81","92.68","1.015"
"10","Detroit Red Wings","28","48.178","12","11","5","11","29","0.518","45.9","55.29","45.36","35.4","42.21","45.62","25.44","32.11","44.20","2.05","1.87","52.27","1.93","2.29","45.71","20.5","24.95","45.11","12.32","15.97","43.55","1.65","1.65","50.00","13.36","89.69","8.23","9.7","45.91","6.14","7.78","44.09","1.02","1.25","45.10","16.67","84.00","12.28","15.26","44.59","6.18","8.18","43.03","0.62","0.4","60.87","10.07","95.11","21.71","26.82","44.73","11.34","14.81","43.37","0.4","0.22","64.29","3.53","98.50","8.04","94.18","1.022"
"4","Edmonton Oilers","28","47.7518","16","12","0","16","32","0.571","55.24","53.85","50.64","41.11","39.85","50.78","30.65","29.89","50.63","2.74","2.78","49.59","2.48","2.37","51.18","25.98","25.4","50.57","15.62","15.53","50.14","2.42","2.29","51.43","15.52","85.26","10.95","10.19","51.80","8.08","7.31","52.48","1.17","1.35","46.43","14.44","81.60","15.03","15.21","49.70","7.54","8.21","47.86","1.26","0.94","57.14","16.67","88.52","25","24.37","50.64","13.78","12.97","51.51","0.31","0.49","38.89","2.28","96.19","8.93","90.69","0.996"
"9","Florida Panthers","28","47.4423","20","5","3","20","43","0.768","57.72","48.56","54.31","45.8","37.31","55.11","35.68","29.99","54.33","2.94","1.67","63.73","2.6","2.04","56.00","26.47","19.69","57.34","18.34","14.36","56.08","2.3","1.49","60.71","12.56","89.62","10.25","7.77","56.89","8.4","6.78","55.36","1.54","0.99","60.71","18.28","85.33","16.22","11.92","57.62","9.94","7.59","56.70","0.77","0.5","60.71","7.73","93.45","27.55","24.39","53.04","15.49","13.82","52.85","0.63","0.14","82.35","4.08","99.02","8.23","94.43","1.027"
"15","Los Angeles Kings","28","49.0786","9","14","5","9","23","0.411","49.38","53.31","48.09","38.2","40.87","48.32","27.64","28.38","49.34","1.96","2.27","46.39","2.09","2.53","45.29","23.45","27.64","45.90","13.67","15.67","46.58","1.88","2.05","47.78","13.74","86.91","9.95","11.31","46.82","6.9","8.25","45.53","1.57","1.35","53.73","22.78","83.60","13.49","16.33","45.24","6.77","7.42","47.69","0.31","0.7","30.43","4.52","90.59","22.09","22.05","50.05","12.36","11.4","52.02","0.09","0.17","33.33","0.71","98.47","7.11","92.00","0.991"
"28","Minnesota Wild","28","46.9202","21","5","2","21","44","0.786","48.59","54.62","47.08","37.63","39.96","48.50","27.13","28.54","48.73","3.24","2.1","60.68","2.14","1.76","54.79","21.92","21.1","50.96","14.39","13.2","52.15","2.74","1.74","61.22","19.05","86.85","10.09","6.26","61.73","7.4","4.93","60.00","1.64","0.96","63.16","22.22","80.56","11.83","14.84","44.35","6.99","8.27","45.81","1.1","0.78","58.54","15.69","90.61","23.15","28.09","45.19","12.1","14.25","45.93","0.46","0.37","55.56","3.77","97.44","11.95","92.64","1.046"
"30","Montreal Canadiens","28","49.5262","13","11","4","12","30","0.536","59.67","47.42","55.72","42.27","34.09","55.35","30.94","25.05","55.26","2.16","2.25","49.02","2.29","1.92","54.49","29.51","21.59","57.75","15.53","12.29","55.83","1.9","1.99","48.89","12.26","83.80","11.03","9.48","53.80","7.74","6.58","54.08","1.38","1.3","51.61","17.88","80.26","18.48","12.11","60.40","7.79","5.71","57.69","0.52","0.69","42.86","6.67","87.88","25.83","21.03","55.12","14.11","11.03","56.11","0.26","0.26","50.00","1.84","97.65","6.99","91.02","0.980"
"11","Nashville Predators","28","48.4589","18","10","0","16","36","0.643","53.37","54.43","49.51","42.5","41.48","50.61","29.54","31.53","48.37","2.56","1.81","58.59","2.08","2.17","48.95","24.54","23.92","50.64","15.03","15.17","49.78","2.12","1.55","57.83","14.12","89.80","9.15","9.11","50.12","7.34","7.43","49.70","1.37","1.02","57.41","18.67","86.31","15.39","14.81","50.95","7.69","7.74","49.86","0.75","0.53","58.62","9.77","93.14","25.82","26.27","49.58","13.4","14.59","47.87","0.44","0.27","62.50","3.30","98.18","8.68","94.25","1.029"
"7","New Jersey Devils","28","49.0679","7","18","3","7","17","0.304","52.45","48.13","52.15","40.09","39.13","50.61","27.47","28.6","48.99","1.97","2.75","41.67","2.22","2.37","48.44","24.54","24.02","50.54","14.37","16.03","47.27","1.53","2.31","39.77","10.64","85.56","8.21","9.35","46.77","6.24","7.82","44.41","1","1.7","37.10","16.08","78.21","16.33","14.67","52.68","8.12","8.21","49.73","0.52","0.61","46.15","6.45","92.55","25.42","21.88","53.74","12.45","11.88","51.17","0.44","0.44","50.00","3.51","96.32","7.15","90.38","0.975"
"19","New York Islanders","28","51.1875","21","4","3","18","45","0.804","51.28","53.12","49.12","38.68","38.35","50.22","28.97","27.34","51.45","3.1","2.01","60.66","2.6","2.04","55.98","29.14","26.37","52.49","18.88","15.11","55.54","2.89","1.63","63.89","15.30","89.20","13.61","8.71","60.98","11.01","6.45","63.07","2.34","1.09","68.29","21.29","83.12","15.53","17.67","46.78","7.87","8.67","47.59","0.54","0.54","50.00","6.91","93.72","19.17","23.36","45.08","8.96","11.14","44.58","0.21","0.38","35.71","2.34","96.62","10.69","92.65","1.033"
"8","New York Rangers","28","47.4202","14","11","3","14","31","0.554","49.48","57.39","46.30","38.09","43.11","46.91","28.29","31.09","47.64","2.85","2.26","55.75","2.23","2.43","47.79","23.68","27.02","46.70","14.28","15.91","47.31","2.3","1.99","53.68","16.14","87.50","9.94","11.88","45.55","7.73","8.72","46.98","1.58","1.49","51.47","20.47","82.90","13.74","15.14","47.57","6.55","7.18","47.70","0.72","0.5","59.26","11.03","93.08","21.87","26.57","45.15","12.47","13.69","47.67","0.54","0.27","66.67","4.35","98.02","10.06","92.73","1.028"
"16","Ottawa Senators","28","47.7964","14","10","4","13","32","0.571","55.82","57.52","49.25","43.22","42.64","50.34","30.62","30.71","49.93","2.47","2.2","52.88","2.27","2.12","51.76","25.24","23.99","51.28","14.62","13.76","51.50","2.15","1.61","57.14","14.72","88.27","10.09","8.47","54.35","7.17","6.19","53.69","1.43","0.94","60.38","20.00","84.78","15.15","15.51","49.42","7.44","7.58","49.55","0.72","0.67","51.61","9.64","91.12","26.09","28.6","47.70","14.35","15.51","48.05","0.27","0.49","35.29","1.88","96.82","8.05","92.85","1.009"
"1","Philadelphia Flyers","28","47.9244","12","12","4","10","28","0.500","56.74","51.06","52.63","41.9","38.45","52.14","30.05","28.48","51.34","2.37","2.73","46.49","2.17","2.07","51.19","24.46","21.86","52.80","14.22","13.73","50.88","2.1","2.33","47.47","14.78","83.06","8.32","8.81","48.56","6.39","7.15","47.19","1.34","1.48","47.62","20.98","79.38","16.14","13.06","55.28","7.82","6.57","54.35","0.76","0.85","47.22","9.71","87.07","28.53","25.31","52.99","14.58","13.46","51.99","0.27","0.4","40.00","1.84","97.01","7.89","90.42","0.983"
"18","Pittsburgh Penguins","28","49.7065","22","4","2","20","46","0.821","47.72","49.84","48.92","35.65","38.54","48.05","27.46","30.26","47.57","2.93","1.85","61.26","1.99","2.19","47.59","23.41","22.24","51.27","14.79","15.48","48.86","2.33","1.6","59.34","15.74","89.69","8.75","9.74","47.32","7.33","8.45","46.45","1.55","1.03","60.00","21.18","87.76","14.66","12.5","53.97","7.46","7.03","51.49","0.78","0.56","58.06","10.40","92.02","21.47","24.4","46.80","11.68","13.54","46.32","0.52","0.26","66.67","4.43","98.09","10.68","93.87","1.045"
"31","San Jose Sharks","28","48.6315","11","13","4","10","26","0.464","53.01","57.63","47.91","40.63","42.79","48.71","29.52","30.84","48.91","2.47","3.35","42.42","2.58","2.53","50.47","29.13","27.98","51.00","18.24","16.88","51.94","2.07","2.69","43.52","11.35","84.07","12.6","11.32","52.67","9.56","8.2","53.85","1.41","1.72","45.07","14.75","79.03","16.52","16.66","49.80","8.68","8.68","50.00","0.66","0.97","40.54","7.61","88.83","20.75","26","44.39","10.27","12.82","44.47","0.4","0.66","37.50","3.86","94.85","8.36","89.14","0.975"
"20","St Louis Blues","28","48.2637","12","11","5","12","29","0.518","49.46","53.23","48.16","37.25","39.6","48.47","29.39","28.55","50.73","2.31","2.53","47.71","2","2.39","45.58","23","25.4","47.52","15.01","15.36","49.42","2","2.26","46.88","13.31","85.26","7.5","10.21","42.36","5.99","7.24","45.30","1.2","1.6","42.86","20.00","77.91","15.5","15.18","50.51","9.01","8.13","52.59","0.8","0.67","54.55","8.87","91.80","21.36","23.22","47.91","12.52","11.9","51.27","0.31","0.27","53.85","2.48","97.76","7.85","91.14","0.990"
"2","Tampa Bay Lightning","28","47.7244","21","7","0","21","42","0.750","49.88","44.72","52.73","38.66","34.71","52.69","28.83","27.12","51.52","2.74","1.89","59.22","1.99","1.8","52.45","27.3","25.19","52.01","16.84","16.61","50.34","2.25","1.66","57.47","13.33","90.00","9.03","9.03","50.00","7.36","7.77","48.66","1.53","1.03","59.65","20.73","86.71","18.27","16.16","53.06","9.47","8.85","51.72","0.72","0.63","53.33","7.58","92.89","20.83","17.2","54.78","11.4","9.88","53.59","0.49","0.22","68.75","4.33","97.73","9.50","93.05","1.025"
"3","Toronto Maple Leafs","28","49.4423","18","7","3","18","39","0.696","56","48.97","53.34","43.73","37.01","54.16","30.25","26.05","53.73","3.16","2.04","60.83","2.72","1.93","58.48","33.29","24.23","57.87","19.81","13.09","60.21","2.82","1.52","65.00","14.22","88.41","12.53","7.63","62.15","9.36","5.37","63.53","1.69","0.95","63.93","18.06","82.26","20.76","16.6","55.57","10.45","7.71","57.52","1.13","0.56","66.67","10.79","92.70","20.85","21.71","48.98","9.79","11.57","45.84","0.35","0.52","40.00","3.54","95.51","10.46","92.18","1.026"
"22","Vancouver Canucks","28","47.2167","13","12","3","11","29","0.518","55","59.91","47.87","41.21","42.98","48.95","29.73","32.18","48.02","2.22","2.54","46.67","2.48","2.67","48.14","26.23","31","45.84","15.2","18.29","45.39","2","2.41","45.36","13.13","86.85","10.03","11.21","47.22","7.22","8.76","45.17","1.36","1.54","46.88","18.87","82.38","16.2","19.79","45.02","7.99","9.53","45.60","0.64","0.86","42.42","7.95","90.95","24.37","24.37","50.00","12.98","12.66","50.62","0.23","0.14","62.50","1.75","98.92","7.48","92.10","0.996"
"14","Vegas Golden Knights","28","48.644","21","5","2","20","44","0.786","59.82","53.7","52.70","43.39","37.36","53.74","30.35","27.05","52.88","2.78","2.16","56.25","2.7","2.46","52.27","30.18","26.92","52.85","17.31","14.63","54.21","2.29","1.85","55.32","13.23","87.35","11.81","10.13","53.82","8.59","7.53","53.28","1.32","1.32","50.00","15.38","82.46","18.37","16.78","52.26","8.72","7.09","55.15","0.97","0.53","64.71","11.11","92.55","24.4","21.81","52.81","11.37","10.75","51.39","0.48","0.31","61.11","4.26","97.13","9.14","92.02","1.012"
"26","Washington Capitals","28","49.1792","17","8","3","16","37","0.661","55.9","54.68","50.55","41.83","41.31","50.31","28.89","28.89","50.00","2.35","2.22","51.43","2.33","2.11","52.47","25.75","23.22","52.58","14.25","13.59","51.17","1.7","1.74","49.37","11.93","87.18","10.59","8.8","54.61","7.06","5.97","54.18","1.13","1.18","49.06","16.05","80.29","15.16","14.42","51.25","7.19","7.63","48.53","0.57","0.57","50.00","7.88","92.57","25.93","25.71","50.21","13.2","13.12","50.17","0.65","0.44","60.00","4.95","96.68","8.14","92.31","1.005"
"12","Winnipeg Jets","28","49.203","13","13","2","13","28","0.500","55.66","53.79","50.86","42.03","40.59","50.87","30.53","28.96","51.32","2.22","2.48","47.22","2.44","2.53","49.05","28.31","27.18","51.02","16.29","16.33","49.93","2.13","2.31","48.04","13.10","85.87","10.19","12.54","44.83","7.49","8.75","46.11","1.48","1.52","49.28","19.77","82.59","18.12","14.63","55.32","8.8","7.58","53.72","0.65","0.78","45.45","7.43","89.66","24.17","23.34","50.87","12.63","11.37","52.63","0.09","0.13","40.00","0.69","98.85","7.28","91.43","0.987"

"12","Anaheim Ducks","36","47.987","16","15","5","14","37","0.514","57.52","58.14","49.73","44.84","44.46","50.21","29.24","30.67","48.81","2.29","2.43","48.53","2.57","2.58","49.91","28.2","28.2","50.00","15.87","16.67","48.77","1.98","2.15","47.90","12.47","87.08","12.29","11.11","52.52","8.3","7.81","51.51","1.22","1.46","45.45","14.64","81.33","15.91","17.09","48.21","7.57","8.86","46.09","0.76","0.69","52.38","10.09","92.16","26.12","26.64","49.51","12.12","12.99","48.27","0.31","0.28","52.94","2.58","97.86","7.84","92.07","0.999"
"22","Arizona Coyotes","33","48.4232","17","12","4","16","38","0.576","59.29","60.23","49.61","44.83","44.91","49.96","31.95","30.9","50.84","2.67","2.37","52.99","2.48","2.34","51.53","26.88","26.51","50.35","16.18","14.72","52.37","2.07","2.07","50.00","12.76","85.97","12.24","10.33","54.24","8.79","7.06","55.45","1.43","1.31","52.05","16.24","81.38","14.64","16.18","47.50","7.4","7.66","49.13","0.64","0.75","45.95","8.63","90.20","27.33","28.76","48.73","13.74","14.46","48.74","0.6","0.3","66.67","4.37","97.92","8.34","92.35","1.007"
"30","Boston Bruins","35","46.7605","22","4","9","22","53","0.757","52.87","48.65","52.08","41.35","37.5","52.44","30.58","27.86","52.32","2.46","1.76","58.26","2.11","1.84","53.43","24.82","22.11","52.89","15.03","13.23","53.18","1.98","1.43","58.06","13.17","89.20","9.2","7.92","53.75","6.86","6.12","52.82","1.5","0.95","61.19","21.93","84.43","15.62","14.19","52.40","8.18","7.11","53.48","0.48","0.48","50.00","5.83","93.30","25.55","24.09","51.48","14","12.98","51.90","0.48","0.33","59.09","3.40","97.46","8.03","93.68","1.017"
"18","Buffalo Sabres","35","49.6524","20","11","4","18","44","0.629","47.2","48.92","49.10","37.6","39.08","49.03","27.14","28.93","48.40","2.45","2.24","52.21","1.97","2.04","49.12","22.34","21.58","50.86","13.74","14.02","49.50","2.11","2","51.26","15.33","85.71","9.56","9.08","51.30","7.35","7.18","50.59","1.28","1.28","50.00","17.37","82.21","12.77","12.5","50.55","6.39","6.84","48.30","0.83","0.73","53.33","12.97","89.39","22.65","24.51","48.02","12.46","13.84","47.38","0.35","0.24","58.82","2.77","98.25","9.03","92.24","1.013"
"23","Calgary Flames","33","48.5414","16","13","4","15","36","0.545","58.09","54.95","51.39","43.97","42.48","50.87","30.64","30.15","50.40","2.4","2.96","44.76","2.6","2.4","52.03","28.32","26.52","51.64","17.01","16.86","50.22","2.25","2.43","48.00","13.22","85.56","10.3","9.55","51.89","7.53","7.04","51.67","1.42","1.24","53.52","18.91","82.45","18.02","16.97","51.50","9.48","9.81","49.13","0.82","1.2","40.74","8.70","87.79","26.03","24.35","51.67","12.21","11.72","51.02","0.15","0.52","22.22","1.23","95.53","7.82","90.19","0.980"
"8","Carolina Hurricanes","33","47.6586","19","12","2","15","40","0.606","62.72","49.6","55.84","47.99","38.95","55.20","33.72","27.7","54.91","2.71","2.4","52.99","2.97","2.49","54.38","30.9","23.12","57.20","17.32","14.88","53.79","2.33","2.1","52.59","13.44","85.90","14.15","10.91","56.47","9.5","8.05","54.13","1.64","1.49","52.44","17.27","81.52","16.75","12.21","57.84","7.82","6.83","53.39","0.69","0.61","52.94","8.78","91.06","26.51","20.98","55.82","14.5","10.68","57.58","0.38","0.31","55.56","2.63","97.14","8.03","91.32","0.994"
"28","Chicago Blackhawks","34","47.9485","16","14","4","16","36","0.529","58.56","59.37","49.66","41.74","43.1","49.20","32.42","34.89","48.17","2.72","2.47","52.48","2.67","2.78","48.98","30.07","30.62","49.55","19.03","19.14","49.86","2.39","2.21","52.00","12.57","88.46","12.96","13.65","48.69","10.12","10.78","48.42","1.77","1.58","52.75","17.45","85.32","17.11","16.97","50.22","8.91","8.35","51.60","0.63","0.63","50.00","7.02","92.51","24","24.03","49.96","12.33","14.43","46.08","0.33","0.26","56.25","2.69","98.21","8.40","92.93","1.013"
"11","Colorado Avalanche","33","46.8682","18","9","6","18","42","0.636","61.49","54.54","52.99","45.27","39.88","53.17","34.37","30.72","52.80","2.91","2.37","55.15","2.45","2.14","53.42","28.86","23.51","55.11","17.42","14.7","54.23","2.09","1.94","51.92","12.03","86.81","10.63","9.27","53.41","8.22","7.29","53.00","1.24","1.28","49.23","15.09","82.45","18.23","14.24","56.15","9.19","7.41","55.37","0.85","0.66","56.41","9.28","91.10","28.09","26.15","51.79","15.71","14.28","52.39","0.78","0.43","64.52","4.94","97.01","8.47","92.30","1.008"
"15","Columbus Blue Jackets","36","48.9241","20","12","4","20","44","0.611","54.68","55.05","49.83","42.48","39.28","51.96","32.09","28.38","53.07","2.15","1.77","54.78","2.25","2.01","52.83","23.88","24.12","49.75","15.36","13.46","53.31","1.77","1.57","53.06","11.53","88.35","8.82","8.14","52.01","6.61","6.03","52.29","1.12","0.89","55.93","17.01","85.31","15.06","15.98","48.52","8.76","7.43","54.11","0.65","0.68","48.72","7.39","90.83","25.04","25.38","49.66","14.38","12.95","52.62","0.37","0.2","64.71","2.61","98.42","6.69","93.76","1.004"
"10","Dallas Stars","34","46.2721","19","12","3","17","41","0.603","61.02","55.64","52.30","43.86","39.51","52.61","32.57","28.07","53.71","1.91","1.79","51.55","2.73","2.28","54.53","31.12","25.67","54.80","18.84","14.38","56.72","1.56","1.49","51.25","8.30","89.66","13.35","10.6","55.73","9.8","7.25","57.49","1.26","1.07","54.10","12.84","85.26","17.77","15.06","54.12","9.04","7.13","55.90","0.31","0.42","42.11","3.38","94.12","23.72","23.76","49.96","12.09","12.55","49.07","0.34","0.31","52.94","2.84","97.57","5.85","93.61","0.995"
"24","Detroit Red Wings","37","47.3712","12","23","2","10","26","0.351","46.52","53.03","46.73","36.12","41.39","46.60","26.7","30.71","46.51","1.57","2.7","36.80","1.98","2.33","45.92","21.22","25.23","45.69","13.15","15.34","46.15","1.34","2.09","39.00","10.16","86.38","8.56","9.69","46.90","6.74","7.43","47.58","0.92","1.37","40.30","13.71","81.57","12.67","15.54","44.90","6.4","7.91","44.74","0.41","0.72","36.36","6.42","90.91","21.91","24.89","46.82","11.95","14.24","45.62","0.24","0.58","29.17","2.01","95.91","5.90","91.19","0.971"
"3","Edmonton Oilers","34","48.7426","17","11","6","17","40","0.588","53.76","57.75","48.21","39.61","43.05","47.92","28.75","31.21","47.95","2.46","2.93","45.64","2.31","2.56","47.50","25.89","27.88","48.15","14.66","16.18","47.54","2.17","2.53","46.15","14.81","84.34","11.01","10.79","50.50","8.15","8.25","49.67","1.52","1.7","47.19","18.67","79.39","14.88","17.09","46.55","6.52","7.93","45.11","0.65","0.83","43.90","10.00","89.50","23.46","25.42","48.00","12.31","13.03","48.57","0.25","0.36","41.18","2.06","97.22","8.56","90.60","0.992"
"20","Florida Panthers","35","48.4967","17","14","4","17","38","0.543","56.06","55.21","50.38","42.84","42.14","50.42","32.52","31.78","50.58","3","2.72","52.47","2.43","2.56","48.74","25.24","25.27","49.97","16.83","17.14","49.53","2.12","2.26","48.39","12.61","86.80","9.33","10.32","47.48","7.49","8.41","47.11","1.48","1.34","52.50","19.81","84.03","15.91","14.95","51.55","9.33","8.73","51.66","0.64","0.92","40.91","6.82","89.47","26.55","24.89","51.62","14.25","12.76","52.75","0.85","0.42","66.67","5.96","96.68","9.24","91.43","1.007"
"29","Los Angeles Kings","34","48.7608","19","13","2","18","40","0.588","61.45","52.66","53.85","46.98","40.93","53.44","32.68","28.34","53.56","2.14","2.1","50.43","2.76","2.46","52.87","27.22","25.3","51.83","16.14","14.84","52.10","1.81","1.74","51.02","11.21","88.29","11.98","10.46","53.39","8.5","7.17","54.27","1.34","1.19","52.86","15.74","83.33","15.24","14.84","50.66","7.64","7.67","49.88","0.47","0.54","46.43","6.16","92.92","28.45","23.45","54.81","14.69","12.27","54.50","0.25","0.36","41.18","1.72","97.05","6.53","92.59","0.991"
"31","Minnesota Wild","35","48.1214","19","11","5","18","43","0.614","57.11","53.69","51.54","42.96","39.83","51.89","30.99","28.25","52.32","2.64","2.14","55.22","2.24","1.79","55.57","24.72","19.99","55.30","14.86","11.83","55.67","2.21","1.71","56.36","14.87","85.54","10.72","7.37","59.25","8.02","5.13","60.98","1.5","1.1","57.53","18.67","78.47","14","12.61","52.61","6.84","6.7","50.53","0.71","0.61","54.05","10.42","90.96","27.36","27.86","49.55","14.61","14.86","49.58","0.43","0.39","52.17","2.93","97.36","8.51","92.43","1.009"
"26","Montreal Canadiens","37","48.8572","14","17","6","12","34","0.459","65.82","52.18","55.78","47.36","38.2","55.35","35.38","28.48","55.41","2.62","2.49","51.30","2.55","2.03","55.72","29.97","22.5","57.12","17.66","13.87","56.00","2.29","2.06","52.67","12.97","85.17","12.25","9.03","57.57","9.56","7.17","57.14","1.56","1.33","54.02","16.32","81.48","17.72","13.48","56.81","8.1","6.7","54.71","0.73","0.73","50.00","9.02","89.11","30.9","24.53","55.75","15.96","12.65","55.80","0.33","0.43","43.48","2.08","96.59","7.41","91.26","0.987"
"9","Nashville Predators","35","48.4881","17","14","4","15","38","0.543","62.4","54.3","53.47","47.41","41.47","53.34","33.52","29.66","53.05","2.65","2.69","49.67","2.4","2.18","52.40","25.31","23.69","51.66","14.88","14.85","50.06","2.26","2.23","50.39","15.20","85.00","9.93","9.55","51.00","7.39","7.5","49.64","1.66","1.38","54.65","22.49","81.60","15.38","14.14","52.10","7.5","7.35","50.48","0.6","0.85","41.46","8.02","88.46","32.7","26.66","55.09","17.15","13.15","56.59","0.39","0.46","45.83","2.27","96.51","7.91","90.94","0.989"
"13","New Jersey Devils","34","47.1951","13","11","10","11","36","0.529","49.36","57.43","46.22","38.18","43.37","46.81","27.52","30.32","47.58","2.51","2.84","46.85","2.08","2.45","45.90","23.93","29.13","45.10","15.18","17.13","46.99","1.79","2.21","44.86","11.82","87.12","9.53","9.76","49.42","7.4","7.55","49.50","1.2","1.27","48.48","16.16","83.17","14.4","19.37","42.64","7.78","9.57","44.83","0.6","0.93","39.02","7.69","90.23","22.73","25.02","47.61","11.25","12.08","48.24","0.71","0.64","52.78","6.31","94.74","9.10","90.63","0.997"
"14","New York Islanders","35","49.7429","20","9","6","19","46","0.657","53.21","59.52","47.20","39.25","42.91","47.78","29.74","30.29","49.54","2.62","2.38","52.41","2.51","2.33","51.91","28.4","28.64","49.79","17.4","16.47","51.37","2.24","1.93","53.72","12.87","88.28","13.72","11.48","54.45","10.89","8.65","55.73","1.72","1.55","52.63","15.82","82.07","14.68","17.16","46.10","6.51","7.82","45.43","0.52","0.38","57.69","7.94","95.15","21.02","25.92","44.79","10.92","12.2","47.24","0.38","0.41","47.83","3.47","96.61","8.81","92.15","1.010"
"6","New York Rangers","36","47.8046","18","16","2","18","38","0.528","55.26","60.31","47.81","42.67","44.52","48.94","31.38","31.52","49.89","2.61","2.68","49.34","2.59","2.67","49.21","28.38","29.01","49.45","16.63","16.56","50.11","2.44","2.34","51.09","14.68","85.89","13.35","12.66","51.34","9.38","8.93","51.24","1.74","1.57","52.63","18.59","82.42","15.03","16.35","47.89","7.25","7.64","48.71","0.7","0.77","47.62","9.62","89.95","22.49","26.67","45.74","12.59","13.49","48.26","0.17","0.35","33.33","1.39","97.42","8.33","91.48","0.998"
"19","Ottawa Senators","37","47.9995","18","13","6","17","42","0.568","58.58","61.82","48.65","43.04","45.44","48.64","29.76","32.87","47.52","2.5","2.5","50.00","2.52","2.51","50.05","28.75","28.95","49.82","15.57","16.08","49.20","2.16","2.16","50.00","13.88","86.55","12.16","10.68","53.25","8.45","7.74","52.19","1.62","1.35","54.55","19.20","82.53","16.59","18.28","47.58","7.13","8.34","46.07","0.54","0.81","40.00","7.58","90.28","24.8","27.7","47.23","12.36","15.34","44.63","0.34","0.34","50.00","2.73","97.80","8.40","92.39","1.008"
"16","Philadelphia Flyers","35","47.5795","25","6","4","24","54","0.771","56.17","52.5","51.69","42.52","39.6","51.78","31.42","28.75","52.22","3.03","1.62","65.12","2.4","2.19","52.30","24.43","22.34","52.23","15.53","13.51","53.47","2.63","1.33","66.36","16.94","90.13","10.59","8.94","54.24","7.93","6.59","54.59","1.77","0.97","64.47","22.27","85.25","13.84","13.4","50.79","7.6","6.92","52.36","0.86","0.36","70.59","11.37","94.79","26.41","25.4","50.97","13.91","13.37","50.99","0.4","0.29","57.89","2.85","97.84","9.63","94.36","1.040"
"7","Pittsburgh Penguins","35","49.4129","23","8","4","21","50","0.714","53.7","52.7","50.47","41.6","39.31","51.42","32.02","30.43","51.28","2.78","2.36","54.05","2.42","2.19","52.45","26.23","24.08","52.14","17.42","16.24","51.75","2.43","2.15","53.03","13.94","86.75","10.58","9.71","52.14","8.78","8.12","51.95","1.63","1.49","52.22","18.58","81.62","15.65","14.36","52.14","8.64","8.12","51.55","0.8","0.66","54.76","9.24","91.88","23.66","23.14","50.56","12.66","12.11","51.12","0.35","0.17","66.67","2.74","98.57","8.67","92.25","1.009"
"17","San Jose Sharks","36","48.4329","17","17","2","15","36","0.500","55.3","52.93","51.10","40.71","38.61","51.32","29.73","28.29","51.25","2.41","2.79","46.36","2.54","2.46","50.85","27.22","26.05","51.10","17.07","16.28","51.19","2.13","2.48","46.27","12.50","84.78","12.08","10.87","52.62","9.36","8.29","53.02","1.31","1.55","45.78","13.97","81.33","15.14","15.18","49.94","7.71","7.98","49.12","0.83","0.93","47.06","10.71","88.36","23.06","21.27","52.02","11.18","9.6","53.81","0.28","0.31","47.06","2.46","96.77","8.10","90.15","0.982"
"2","St Louis Blues","35","48.8338","23","7","5","22","51","0.729","53.22","43.39","55.09","41.46","34.4","54.65","31.24","25.28","55.28","2.77","1.79","60.77","2.4","2.01","54.36","28.15","22.29","55.81","17.69","14.29","55.32","2.14","1.44","59.80","12.10","89.93","9.97","8.35","54.41","7.9","6.56","54.61","1.26","0.91","58.06","16.00","86.10","18.18","13.94","56.61","9.79","7.72","55.91","0.88","0.53","62.50","8.96","93.18","22.29","18.08","55.22","12.43","9.41","56.91","0.6","0.35","62.96","4.80","96.27","8.88","92.92","1.018"
"5","Tampa Bay Lightning","34","47.349","22","10","2","21","46","0.676","58.25","47.26","55.21","44.39","37.64","54.11","32.2","28.81","52.78","3.09","2.35","56.85","2.44","1.91","56.09","31.42","23.48","57.23","19.68","16.1","55.00","2.83","2.09","57.58","14.39","87.04","11.29","8.31","57.60","8.35","6.78","55.17","1.57","1.19","56.76","18.75","82.42","20.13","15.17","57.02","11.33","9.32","54.87","1.27","0.89","58.62","11.18","90.40","23.89","21.09","53.11","11.33","11.18","50.33","0.26","0.26","50.00","2.30","97.67","9.61","91.85","1.015"
"1","Toronto Maple Leafs","34","48.6279","18","9","7","18","43","0.632","61.51","54.91","52.84","46.67","42.24","52.49","31.79","29.79","51.62","2.65","2.54","51.05","2.45","2.25","52.09","29.47","25.55","53.56","16.91","15.46","52.24","2.32","2.25","50.79","13.73","85.45","11.29","10.2","52.53","7.87","7.77","50.35","1.63","1.52","51.72","20.74","80.37","18.18","15.35","54.22","9.04","7.69","54.01","0.69","0.73","48.72","7.63","90.57","29.03","25.73","53.02","14.12","12.99","52.07","0.33","0.29","52.94","2.31","97.77","8.33","91.47","0.998"
"25","Vancouver Canucks","35","47.8371","22","9","4","20","48","0.686","56.73","61.64","47.93","42.21","45.55","48.10","30.1","33.72","47.16","3.12","2.4","56.49","2.45","2.72","47.37","27.88","30.6","47.67","15.88","17.95","46.93","2.65","2.11","55.64","16.70","88.22","10.75","10.86","49.75","7.88","8.46","48.25","1.83","1.43","56.04","23.18","83.05","17.13","19.75","46.45","7.99","9.5","45.70","0.82","0.68","54.76","10.31","92.83","24.15","26.38","47.80","12.54","14.23","46.85","0.47","0.29","61.90","3.71","97.98","10.36","92.88","1.032"
"4","Vegas Golden Knights","37","49.5396","22","11","4","20","48","0.649","64.58","51.92","55.44","49.53","38.3","56.39","35.84","28.45","55.75","2.78","2.49","52.80","3.03","2.18","58.23","31.88","23.34","57.74","20.69","14.34","59.07","2.52","1.96","56.20","12.18","86.30","13.36","9.3","58.96","9.92","7.17","58.05","1.57","1.34","53.93","15.84","81.28","18.53","14.04","56.88","10.77","7.17","60.04","0.95","0.62","60.42","8.81","91.32","27.53","23.44","54.01","13.32","12.41","51.78","0.26","0.52","33.33","1.97","95.78","7.76","91.25","0.990"
"21","Washington Capitals","33","46.8101","18","10","5","17","41","0.621","61.45","55.16","52.70","45.02","41.52","52.02","32.08","30.02","51.66","3.03","2.95","50.65","2.6","2.49","51.02","29.05","25.36","53.39","16.55","15.42","51.76","2.52","2.37","51.59","15.26","84.63","11.85","11.07","51.69","8.51","8.04","51.41","1.9","1.71","52.69","22.37","78.74","17.21","14.29","54.62","8.04","7.38","52.14","0.62","0.66","48.48","7.73","91.05","26.49","22.96","53.57","13.56","12.2","52.64","0.47","0.54","46.15","3.44","95.54","9.44","90.17","0.996"
"27","Winnipeg Jets","37","49.2649","20","14","3","19","43","0.581","56.32","57.24","49.59","42.53","44.5","48.87","30.22","31.63","48.86","2.11","2.34","47.41","2.18","2.63","45.42","24.95","27.65","47.43","14.29","16.43","46.52","1.78","2.07","46.15","12.44","87.37","9.12","12.41","42.35","6.29","9.18","40.64","0.95","1.65","36.71","15.18","82.08","15.83","15.24","50.95","8","7.24","52.48","0.82","0.43","65.79","10.29","94.09","27.85","25.77","51.93","14.45","13.92","50.93","0.33","0.26","55.56","2.28","98.11","6.97","92.61","0.996"

"25","Anaheim Ducks","41","48.3752","19","14","8","16","46","0.561","56.21","60.38","48.21","42.96","45.74","48.43","28.22","31.28","47.43","2.3","2.15","51.70","2.53","2.91","46.50","27.65","30.52","47.53","15.94","18.54","46.23","2.03","2.03","50.00","12.71","89.07","11.92","13.67","46.57","8.41","10.19","45.20","1.48","1.63","47.57","17.63","83.98","15.73","16.85","48.28","7.53","8.35","47.43","0.54","0.39","58.06","7.23","95.29","23.6","24.59","48.96","10.65","11.47","48.15","0.27","0.09","75.00","2.56","99.21","8.15","93.13","1.013"
"21","Arizona Coyotes","41","47.5305","20","17","4","19","44","0.537","59.08","60.47","49.42","44.49","43.69","50.45","31","30.42","50.48","2.12","2.06","50.74","2.44","2.31","51.38","25.62","26.11","49.52","15.46","14.75","51.17","1.85","1.75","51.28","11.95","88.10","11.7","11.45","50.53","8.16","7.88","50.86","0.95","1.26","43.06","11.70","83.98","13.92","14.66","48.71","7.3","6.87","51.52","0.89","0.49","64.44","12.24","92.83","27.06","27.56","49.55","13.21","13.86","48.81","0.25","0.28","47.06","1.86","98.00","6.85","93.22","1.001"
"24","Boston Bruins","41","49.0524","29","9","3","28","61","0.744","59.01","48.42","54.93","45.53","36.4","55.57","32.4","26.82","54.71","2.33","1.85","55.71","2.31","1.93","54.49","25.27","20.53","55.18","16.26","13.81","54.07","2.03","1.34","60.18","12.48","90.28","9.52","8.71","52.21","7.46","7.19","50.92","1.43","0.95","60.00","19.20","86.72","15.75","11.81","57.14","8.8","6.62","57.06","0.6","0.39","60.61","6.78","94.14","29.83","24.25","55.16","14.29","11.43","55.57","0.3","0.51","37.04","2.09","95.56","7.18","93.10","1.003"
"5","Buffalo Sabres","41","49.5236","21","15","5","18","47","0.573","54.25","54.05","50.10","43.23","42.55","50.40","31.5","31.88","49.70","2.45","2.63","48.26","2.19","2.16","50.32","23.7","23.26","50.47","14.69","15.16","49.21","2.1","2.3","47.65","14.29","84.80","10.79","10.05","51.77","7.86","7.74","50.38","1.48","1.36","52.08","18.80","82.44","12.91","13.21","49.43","6.83","7.42","47.93","0.62","0.95","39.62","9.09","87.25","25.44","25.09","50.35","15.25","15.01","50.39","0.35","0.33","52.17","2.33","97.83","7.79","91.75","0.995"
"22","Calgary Flames","41","48.9024","26","10","5","26","57","0.695","61.98","49.77","55.46","45.22","37.17","54.89","31.75","26.12","54.86","3.26","2.45","57.07","2.59","2.07","55.64","29.48","22.68","56.51","17.54","13.89","55.81","2.84","1.95","59.38","16.21","85.99","11.37","9.28","55.07","8.71","6.79","56.18","2.06","1.35","60.53","23.71","80.18","18.1","13.41","57.45","8.83","7.09","55.45","0.78","0.6","56.52","8.81","91.56","26.84","21.97","55.00","12.87","10.2","55.77","0.42","0.48","46.67","3.26","95.31","10.27","90.61","1.009"
"8","Carolina Hurricanes","41","48.7675","24","13","4","22","52","0.634","66.44","54.46","54.95","50.74","40.87","55.39","33.79","27.94","54.74","2.61","2.28","53.37","3.3","2.51","56.80","31.63","24.19","56.67","17.55","13.17","57.13","2.1","1.89","52.63","11.97","85.65","15.33","11.55","57.03","9.9","7.65","56.41","1.35","1.41","48.91","13.64","81.57","16.29","12.63","56.33","7.65","5.52","58.09","0.75","0.48","60.98","9.80","91.30","29.29","24.67","54.28","14.7","12.9","53.26","0.51","0.39","56.67","3.47","96.98","7.73","91.84","0.996"
"23","Chicago Blackhawks","41","48.9252","19","14","8","16","46","0.561","58.42","58.45","49.99","41.97","43.16","49.30","33.02","34.55","48.87","2.57","2.69","48.86","2.41","2.73","46.89","28.54","29.49","49.18","17.38","18.54","48.38","2.3","2.3","50.00","13.25","87.58","11.31","13.46","45.65","8.94","10.59","45.79","1.62","1.41","53.47","18.06","86.72","17.23","16.03","51.80","8.43","7.96","51.46","0.69","0.9","43.40","8.16","88.72","25.48","24.29","51.20","14.6","14.6","50.00","0.27","0.39","40.91","1.84","97.34","7.79","92.21","1.000"
"13","Colorado Avalanche","41","46.8163","21","14","6","19","48","0.585","58.67","54.86","51.68","43.11","39.35","52.27","33.17","29.6","52.84","2.53","2.19","53.64","2.4","2.06","53.80","28.98","22.91","55.84","18.29","13.85","56.91","2.16","1.84","53.91","11.79","86.68","11.63","9.13","56.02","8.88","6.69","57.03","1.5","1.22","55.17","16.90","81.78","17.35","13.79","55.72","9.41","7.16","56.79","0.66","0.63","51.22","6.98","91.27","24.91","25.85","49.08","13.5","13.91","49.26","0.38","0.34","52.17","2.78","97.53","7.63","92.61","1.002"
"15","Columbus Blue Jackets","41","49.8114","22","17","2","22","46","0.561","56.44","53.06","51.54","44.33","39.63","52.80","32.79","29.35","52.77","2.73","2.85","48.95","2.53","2.29","52.45","27.03","23.36","53.64","18.22","15.63","53.82","2.26","2.38","48.73","12.42","84.77","11.37","9.96","53.31","8.58","7.93","51.96","1.47","1.53","49.02","17.12","80.74","15.66","13.4","53.89","9.64","7.7","55.59","0.79","0.85","48.21","8.23","88.93","23.94","23.74","50.22","12.93","12.52","50.81","0.44","0.44","50.00","3.41","96.48","8.33","90.29","0.986"
"12","Dallas Stars","41","49.078","24","14","3","24","51","0.622","59.4","58.53","50.37","42.64","41.95","50.41","31.73","30.53","50.96","2.36","1.79","56.83","2.63","2.36","52.68","30.5","26.39","53.62","18.1","15.51","53.86","1.88","1.46","56.25","10.38","90.58","13.36","10.88","55.10","9.96","8.41","54.22","1.37","1.07","56.10","13.77","87.23","17.15","15.51","52.51","8.14","7.1","53.42","0.51","0.39","56.67","6.23","94.54","22.69","25.23","47.36","11.93","13.27","47.34","0.48","0.3","61.54","4.00","97.75","7.42","94.14","1.016"
"10","Detroit Red Wings","41","49.6057","17","19","5","15","39","0.476","50.06","55.46","47.44","38.17","43.6","46.68","27.79","31.95","46.52","2.36","2.39","49.69","2.08","2.54","45.01","23.57","26.26","47.31","14.72","16.79","46.72","2.07","1.89","52.24","14.03","88.75","8.82","11.12","44.23","6.87","8.38","45.07","1.36","1.33","50.55","19.74","84.15","14.75","15.13","49.36","7.85","8.41","48.28","0.71","0.56","55.81","9.02","93.33","20.95","24.01","46.59","10.89","13.3","45.00","0.3","0.5","37.04","2.71","96.23","8.49","92.52","1.010"
"31","Edmonton Oilers","41","49.2817","18","19","4","17","40","0.488","55.74","57.73","49.12","41.22","42.2","49.41","29.37","31.8","48.01","2.43","2.76","46.86","2.49","2.63","48.70","27.02","27.5","49.56","15.35","16.75","47.83","2.17","2.17","50.00","14.12","87.06","11.61","12.12","48.94","7.66","8.58","47.17","1.25","1.46","46.15","16.28","83.04","15.41","15.38","50.05","7.69","8.17","48.50","0.92","0.71","56.36","11.97","91.27","23.96","23.9","50.06","12.77","13.27","49.03","0.24","0.59","28.57","1.86","95.53","8.29","91.32","0.996"
"29","Florida Panthers","41","47.7496","20","13","8","19","48","0.585","54.55","53.79","50.35","42.14","41.31","50.50","31.54","30.28","51.02","2.57","2.36","52.17","2.42","2.45","49.77","24.61","23.2","51.47","15.75","14.62","51.87","2.27","2.05","52.48","14.40","85.95","9.68","10.24","48.62","7.29","7.97","47.79","1.44","1.56","47.96","19.75","80.38","14.93","12.96","53.52","8.46","6.65","55.98","0.83","0.49","62.79","9.78","92.63","24.76","25.16","49.60","14.01","13.67","50.61","0.31","0.28","52.63","2.19","97.98","8.16","92.21","1.004"
"16","Los Angeles Kings","41","49.2935","17","21","3","16","37","0.451","52.07","56.67","47.88","39.72","43.58","47.68","26.75","29.33","47.70","2.17","2.61","45.34","2.23","2.41","48.06","24.46","26.42","48.07","13.27","14.28","48.17","1.75","2.17","44.70","13.20","84.82","9.32","9.65","49.14","6.06","6.86","46.90","1.16","1.25","48.15","19.12","81.82","15.14","16.77","47.44","7.21","7.42","49.29","0.59","0.92","39.22","8.23","87.60","22.56","26.1","46.37","11.85","13.39","46.94","0.42","0.45","48.28","3.51","96.67","8.10","91.09","0.992"
"20","Minnesota Wild","41","48.3362","16","18","7","15","39","0.476","57.55","53.65","51.76","44.66","39.18","53.27","31.7","27.64","53.42","2.03","2.24","47.52","2.24","1.86","54.66","24.16","20.38","54.25","15.05","12.17","55.28","1.7","1.67","50.45","11.27","86.32","10.84","8.02","57.46","8.08","6.3","56.21","1","1.18","45.83","12.36","81.25","13.32","12.35","51.89","6.96","5.87","54.25","0.7","0.48","58.97","10.00","91.75","26.73","26.4","50.31","14.96","13.93","51.78","0.33","0.58","36.67","2.23","95.87","6.40","91.89","0.983"
"30","Montreal Canadiens","41","48.0402","25","12","4","23","54","0.659","71.46","54.1","56.91","50.17","38.66","56.48","37.26","28.85","56.36","3.23","2.35","57.92","2.83","2.07","57.77","31.01","23.91","56.46","18.52","14.16","56.66","2.8","2.16","56.44","15.13","84.73","12.86","9.47","57.57","9.41","6.79","58.08","1.89","1.22","60.78","20.06","82.06","18.16","14.44","55.70","9.11","7.37","55.27","0.91","0.94","49.18","10.03","87.19","32.9","24.37","57.45","16.94","13.16","56.28","0.43","0.18","70.00","2.52","98.61","8.67","91.87","1.005"
"27","Nashville Predators","41","46.9114","25","14","2","22","52","0.634","61.74","50.72","54.90","47.45","38.46","55.23","33.97","28.26","54.59","2.56","2","56.16","2.56","2.11","54.73","28.04","22.99","54.95","16.66","14.97","52.66","2.28","1.62","58.40","13.67","89.17","11.2","9.48","54.15","8.27","7.46","52.58","1.43","0.9","61.33","17.36","87.87","16.85","13.51","55.50","8.39","7.52","52.75","0.84","0.72","54.00","10.04","90.46","28.48","22.27","56.12","15.82","11.89","57.09","0.28","0.37","42.86","1.78","96.85","7.53","92.94","1.005"
"18","New Jersey Devils","41","47.5195","20","14","7","19","47","0.573","51.49","54.85","48.42","41.36","42.74","49.18","29.75","29.72","50.03","2.4","2.37","50.32","2.35","2.29","50.67","23.37","24.27","49.06","15.18","15.24","49.90","1.88","1.91","49.59","12.37","87.47","9.55","7.95","54.58","7.33","6.01","54.97","1.32","1.11","54.43","18.07","81.54","13.83","16.32","45.86","7.85","9.24","45.95","0.55","0.8","40.91","7.06","91.33","24.08","25.68","48.39","13.49","13.27","50.40","0.52","0.43","54.84","3.88","96.75","8.07","92.02","1.001"
"19","New York Islanders","41","49.2797","24","13","4","21","52","0.634","52.56","55.41","48.68","39.05","39.73","49.57","29.16","28.33","50.72","2.49","1.93","56.38","2.48","2.28","52.16","28.36","27.35","50.91","17.61","15.95","52.48","2.29","1.6","58.78","12.98","89.94","13.93","10.99","55.90","10.96","8.46","56.42","1.84","1.19","60.78","16.80","85.96","14.43","16.36","46.87","6.65","7.48","47.06","0.45","0.42","51.72","6.70","94.44","20.02","23.34","46.16","10.04","11.4","46.81","0.21","0.33","38.89","2.07","97.14","8.55","93.19","1.017"
"6","New York Rangers","41","48.6687","18","14","9","16","45","0.549","52.44","56.62","48.08","39.42","41.86","48.50","28.99","30.43","48.79","2.23","2.16","50.68","2.49","2.45","50.39","26.73","27.66","49.14","16.09","15.82","50.42","1.86","1.92","49.21","11.59","87.83","12.96","12.09","51.74","9.62","8.66","52.63","1.29","1.38","48.31","13.44","84.03","13.77","15.58","46.93","6.46","7.16","47.46","0.57","0.54","51.35","8.84","92.44","19.94","23.48","45.91","11.22","12.72","46.86","0.36","0.24","60.00","3.22","98.11","7.68","92.89","1.006"
"9","Ottawa Senators","41","49.222","18","19","4","18","40","0.488","55.36","65.56","45.78","41.53","47.57","46.61","29.02","34.34","45.80","2.59","2.5","50.88","2.36","2.45","49.00","26.07","27.89","48.32","14.24","15.28","48.24","2.26","2.02","52.78","15.87","86.77","11.39","10.79","51.34","8.03","8.06","49.91","1.37","1.43","48.94","17.04","82.29","14.69","17.1","46.21","6.21","7.22","46.24","0.89","0.59","60.00","14.35","91.77","23.96","31.43","43.26","13.02","17.54","42.61","0.3","0.45","40.00","2.28","97.46","8.91","92.73","1.016"
"26","Philadelphia Flyers","41","48.2675","19","18","4","17","42","0.512","59.91","59.24","50.28","44.02","42.9","50.65","30.93","32.38","48.85","2.36","2.82","45.61","2.4","2.41","49.85","25.1","24.29","50.83","14.13","15.07","48.39","2.03","2.43","45.58","14.38","83.90","10.19","9.79","50.99","7.25","7.55","48.98","1.33","1.27","51.16","18.41","83.13","14.92","14.49","50.72","6.88","7.52","47.79","0.7","1.15","37.70","10.13","84.68","27.56","28.53","49.14","14.37","14.98","48.97","0.33","0.36","47.83","2.32","97.57","7.65","91.29","0.989"
"7","Pittsburgh Penguins","41","48.5813","23","14","4","23","50","0.610","57.57","58.95","49.41","42.93","43.86","49.46","33.41","33.53","49.91","2.83","2.32","54.97","2.64","2.52","51.16","28.44","26.12","52.13","19.04","17.47","52.15","2.56","2.02","55.92","13.45","88.45","12.86","10.63","54.74","10.42","8.22","55.90","1.63","1.27","56.25","15.61","84.62","15.57","15.48","50.15","8.62","9.25","48.23","0.93","0.75","55.36","10.84","91.86","23.98","26.96","47.07","12.74","14.34","47.05","0.27","0.24","52.94","2.13","98.32","8.48","93.08","1.016"
"4","San Jose Sharks","41","49.1154","25","11","5","25","55","0.671","62.6","49.79","55.70","44.93","36.38","55.26","31.73","25.68","55.27","2.95","2.5","54.10","2.76","2.2","55.62","29.11","22.5","56.41","17.52","14.06","55.47","2.5","2.03","55.26","14.29","85.59","12.78","9.83","56.52","9.62","7.6","55.88","1.61","1.4","53.47","16.72","81.57","16.33","12.66","56.32","7.9","6.47","54.98","0.89","0.63","58.82","11.32","90.32","26.76","21.9","54.99","12.72","10.13","55.67","0.45","0.48","48.39","3.51","95.29","9.30","90.26","0.996"
"11","St Louis Blues","41","48.9378","24","15","2","21","50","0.610","56.49","51.4","52.36","41.89","37.92","52.49","30.86","27.75","52.65","2.9","2.48","53.89","2.5","2.15","53.81","29.28","25.66","53.29","17.82","16","52.70","2.45","2.21","52.56","13.76","86.17","11.54","9.21","55.62","8.82","7.48","54.13","1.73","1.53","53.21","19.66","79.60","17.73","16.45","51.88","9","8.52","51.37","0.72","0.69","51.06","7.97","91.93","22.25","21.65","50.68","11.57","10.44","52.58","0.42","0.27","60.87","3.62","97.42","9.40","91.06","1.005"
"17","Tampa Bay Lightning","41","47.4585","32","7","2","29","66","0.805","57.51","53.93","51.60","43.35","40.89","51.46","32.04","30.59","51.16","3.48","2.25","60.75","2.35","2.09","52.94","30.71","26.7","53.49","19.27","17.76","52.04","2.9","2.07","58.39","15.04","88.37","11.01","9.37","54.01","8.26","7.15","53.60","1.7","1.36","55.56","20.52","81.03","19.7","17.33","53.21","11.01","10.61","50.93","1.2","0.71","62.90","10.92","93.31","23.93","24.14","49.78","11.53","11.63","49.80","0.59","0.19","76.00","5.08","98.41","10.88","92.64","1.035"
"1","Toronto Maple Leafs","41","50.4463","23","16","2","23","48","0.585","66.55","61.47","51.98","47.37","48.36","49.48","31.39","33.45","48.41","3.13","2.44","56.25","2.68","2.58","50.96","34.23","29.15","54.00","18.97","17.32","52.28","2.64","2.2","54.49","13.91","87.27","11.95","10.01","54.43","8.59","7.28","54.11","1.57","1.33","54.00","18.24","81.67","22.28","19.15","53.78","10.39","10.04","50.85","1.07","0.87","55.22","10.34","91.33","27.04","27.82","49.29","11.26","14.3","44.04","0.49","0.23","68.00","4.38","98.38","9.98","92.71","1.027"
"3","Vancouver Canucks","41","48.4878","20","16","5","17","45","0.549","53.54","57.86","48.06","40.41","43.19","48.34","28.76","31.84","47.46","2.44","2.81","46.55","2.12","2.44","46.48","24.18","29.22","45.28","13.79","17.11","44.63","2.05","2.44","45.64","14.88","85.71","9.48","11.2","45.84","6.7","8.6","43.79","1.33","1.63","44.90","19.82","81.05","14.7","18.02","44.93","7.09","8.51","45.45","0.72","0.81","47.06","10.21","90.43","24.42","24.24","50.19","13.13","13.31","49.66","0.39","0.36","52.00","2.99","97.28","8.50","91.18","0.997"
"14","Vegas Golden Knights","41","48.3378","24","12","5","23","53","0.646","64.36","54.34","54.22","46.77","37.9","55.24","34.36","28.34","54.80","2.72","2.12","56.25","2.85","2.2","56.47","31.33","24.4","56.22","18.68","14.96","55.54","2.21","1.85","54.48","11.83","87.65","13.32","9.87","57.44","9.72","7.3","57.12","1.54","1.42","52.04","15.89","80.50","18.01","14.53","55.35","8.96","7.66","53.92","0.67","0.42","61.11","7.43","94.47","26.61","23.46","53.14","14.08","11.6","54.83","0.51","0.21","70.83","3.66","98.17","7.93","92.52","1.005"
"2","Washington Capitals","41","47.4512","24","11","6","23","54","0.659","57.33","61","48.45","42.5","45.06","48.54","29.48","31.52","48.33","2.81","2.13","56.88","2.37","2.71","46.70","27.76","28.74","49.13","15.24","16.07","48.67","2.25","1.94","53.68","14.78","87.91","10.58","13.63","43.69","7.06","9.47","42.72","1.33","1.67","44.33","18.78","82.41","17.18","15.11","53.20","8.17","6.6","55.32","0.93","0.28","76.92","11.32","95.79","24.06","25.6","48.45","12.49","13.42","48.21","0.56","0.19","75.00","4.44","98.62","9.52","93.25","1.028"
"28","Winnipeg Jets","41","48.9126","25","12","4","25","54","0.659","54.57","58.16","48.41","40.9","43.92","48.22","28.93","32.64","46.99","2.63","2.27","53.66","2.22","2.4","48.07","23.67","23.64","50.03","14.3","15.11","48.63","2.18","1.83","54.48","15.27","87.92","9.63","9.93","49.24","6.91","7.15","49.15","1.44","1.26","53.33","20.78","82.43","14.03","13.7","50.59","7.39","7.96","48.15","0.75","0.57","56.82","10.12","92.86","24.38","28.45","46.15","13.01","15.8","45.17","0.45","0.45","50.00","3.45","97.16","9.10","93.03","1.021"